Workbook

Sheet Dashboard
A1: Corrected HR Analytics Dashboard (Research & Development). Open the 'Interactive Dashboard' sheet to switch departments.

Sheet Interactive Dashboard
B1: HR ANALYTICS REPORT
B2: Workforce, terminations and salary | Faith Faithful Usenideh
B4: Department: | C4: Research & Development | F4: Employment: | G4: All | I4: Gender: | J4: Female | L4: Hire year: | M4: 1992
B6: Total Employees | E6: Current Employees | H6: Terminated | K6: Termination Rate | N6: Total Salary (USD) | Q6: Male (current) | T6: Female (current)
B7: =Analysis!$C$6 -> 0 | E7: =Analysis!$C$7 -> 0 | H7: =Analysis!$C$8 -> 0 | K7: =Analysis!$C$9 -> 0 | N7: =Analysis!$C$10 -> 0 | Q7: =Analysis!$C$11 -> 0 | T7: =Analysis!$C$12 -> 0

Sheet Sheet1
G10: ◄ FILTERS: click an orange box and pick from the drop-down; every card and chart updates

Sheet Analysis
B1: HR Analytics: calculations | E1: Employment type | F1: Gender | G1: Hire year from | H1: Hire year to
B2: Department shown (change it on the Dashboard) | C2: ='Interactive Dashboard'!$C$4 -> Research & Development | E2: ='Interactive Dashboard'!$G$4 -> All | F2: ='Interactive Dashboard'!$J$4 -> Female | G2: ='Interactive Dashboard'!$M$4 -> 1992
B3: Filter used in formulas | C3: =IF(C2="All departments","*",C2) -> Research & Development | E3: =IF(E2="All","*",E2) -> * | F3: =IF(F2="All","*",F2) -> Female | G3: =IF(G2="All years",1900,G2) -> 1992 | H3: =IF(G2="All years",2100,G2) -> 1992
B5: Key metrics
B6: Total employees (since inception) | C6: =COUNTIFS(Data!$E$2:$E$1471,Analysis!$C$3,Data!$AL$2:$AL$1471,Analysis!$E$3,Data!$H$2:$H$1471,Analysis!$F$3,Data!$AQ$2:$AQ$1471,">="&Analysis!$G$3,Data!$AQ$2:$AQ$1471,"<="&Analysis!$H$3) -> 0
B7: Current employees (headcount) | C7: =COUNTIFS(Data!$E$2:$E$1471,Analysis!$C$3,Data!$AL$2:$AL$1471,Analysis!$E$3,Data!$H$2:$H$1471,Analysis!$F$3,Data!$AQ$2:$AQ$1471,">="&Analysis!$G$3,Data!$AQ$2:$AQ$1471,"<="&Analysis!$H$3,Data!$C$2:$C$1471,"No") -> 0
B8: Terminated employees | C8: =COUNTIFS(Data!$E$2:$E$1471,Analysis!$C$3,Data!$AL$2:$AL$1471,Analysis!$E$3,Data!$H$2:$H$1471,Analysis!$F$3,Data!$AQ$2:$AQ$1471,">="&Analysis!$G$3,Data!$AQ$2:$AQ$1471,"<="&Analysis!$H$3,Data!$C$2:$C$1471,"Yes") -> 0
B9: Termination rate (terminated / headcount) | C9: =IFERROR(C8/C7,0) -> 0 | D9: Formula from the brief: Termination / Headcount
B10: Total salary, current employees (USD) | C10: =SUMIFS(Data!$Z$2:$Z$1471,Data!$E$2:$E$1471,Analysis!$C$3,Data!$AL$2:$AL$1471,Analysis!$E$3,Data!$H$2:$H$1471,Analysis!$F$3,Data!$AQ$2:$AQ$1471,">="&Analysis!$G$3,Data!$AQ$2:$AQ$1471,"<="&Analysis!$H$3,Data!$C$2:$C$1471,"No") -> 0
B11: Male (current) | C11: =COUNTIFS(Data!$E$2:$E$1471,Analysis!$C$3,Data!$AL$2:$AL$1471,Analysis!$E$3,Data!$H$2:$H$1471,Analysis!$F$3,Data!$AQ$2:$AQ$1471,">="&Analysis!$G$3,Data!$AQ$2:$AQ$1471,"<="&Analysis!$H$3,Data!$C$2:$C$1471,"No",Data!$H$2:$H$1471,"Male") -> 0
B12: Female (current) | C12: =COUNTIFS(Data!$E$2:$E$1471,Analysis!$C$3,Data!$AL$2:$AL$1471,Analysis!$E$3,Data!$H$2:$H$1471,Analysis!$F$3,Data!$AQ$2:$AQ$1471,">="&Analysis!$G$3,Data!$AQ$2:$AQ$1471,"<="&Analysis!$H$3,Data!$C$2:$C$1471,"No",Data!$H$2:$H$1471,"Female") -> 0
B14: Education level (current employees)
B15: Education | C15: Employees
B16: Doctor | C16: =COUNTIFS(Data!$E$2:$E$1471,Analysis!$C$3,Data!$AL$2:$AL$1471,Analysis!$E$3,Data!$H$2:$H$1471,Analysis!$F$3,Data!$AQ$2:$AQ$1471,">="&Analysis!$G$3,Data!$AQ$2:$AQ$1471,"<="&Analysis!$H$3,Data!$C$2:$C$1471,"No",Data!$F$2:$F$1471,"Doctor") -> 0
B17: Below College | C17: =COUNTIFS(Data!$E$2:$E$1471,Analysis!$C$3,Data!$AL$2:$AL$1471,Analysis!$E$3,Data!$H$2:$H$1471,Analysis!$F$3,Data!$AQ$2:$AQ$1471,">="&Analysis!$G$3,Data!$AQ$2:$AQ$1471,"<="&Analysis!$H$3,Data!$C$2:$C$1471,"No",Data!$F$2:$F$1471,"Below College") -> 0
B18: College | C18: =COUNTIFS(Data!$E$2:$E$1471,Analysis!$C$3,Data!$AL$2:$AL$1471,Analysis!$E$3,Data!$H$2:$H$1471,Analysis!$F$3,Data!$AQ$2:$AQ$1471,">="&Analysis!$G$3,Data!$AQ$2:$AQ$1471,"<="&Analysis!$H$3,Data!$C$2:$C$1471,"No",Data!$F$2:$F$1471,"College") -> 0
B19: Master | C19: =COUNTIFS(Data!$E$2:$E$1471,Analysis!$C$3,Data!$AL$2:$AL$1471,Analysis!$E$3,Data!$H$2:$H$1471,Analysis!$F$3,Data!$AQ$2:$AQ$1471,">="&Analysis!$G$3,Data!$AQ$2:$AQ$1471,"<="&Analysis!$H$3,Data!$C$2:$C$1471,"No",Data!$F$2:$F$1471,"Master") -> 0
B20: Bachelor | C20: =COUNTIFS(Data!$E$2:$E$1471,Analysis!$C$3,Data!$AL$2:$AL$1471,Analysis!$E$3,Data!$H$2:$H$1471,Analysis!$F$3,Data!$AQ$2:$AQ$1471,">="&Analysis!$G$3,Data!$AQ$2:$AQ$1471,"<="&Analysis!$H$3,Data!$C$2:$C$1471,"No",Data!$F$2:$F$1471,"Bachelor") -> 0
B22: Job satisfaction (current employees)
B23: Satisfaction | C23: Employees
B24: Low | C24: =COUNTIFS(Data!$E$2:$E$1471,Analysis!$C$3,Data!$AL$2:$AL$1471,Analysis!$E$3,Data!$H$2:$H$1471,Analysis!$F$3,Data!$AQ$2:$AQ$1471,">="&Analysis!$G$3,Data!$AQ$2:$AQ$1471,"<="&Analysis!$H$3,Data!$C$2:$C$1471,"No",Data!$K$2:$K$1471,"Low") -> 0
B25: Medium | C25: =COUNTIFS(Data!$E$2:$E$1471,Analysis!$C$3,Data!$AL$2:$AL$1471,Analysis!$E$3,Data!$H$2:$H$1471,Analysis!$F$3,Data!$AQ$2:$AQ$1471,">="&Analysis!$G$3,Data!$AQ$2:$AQ$1471,"<="&Analysis!$H$3,Data!$C$2:$C$1471,"No",Data!$K$2:$K$1471,"Medium") -> 0
B26: High | C26: =COUNTIFS(Data!$E$2:$E$1471,Analysis!$C$3,Data!$AL$2:$AL$1471,Analysis!$E$3,Data!$H$2:$H$1471,Analysis!$F$3,Data!$AQ$2:$AQ$1471,">="&Analysis!$G$3,Data!$AQ$2:$AQ$1471,"<="&Analysis!$H$3,Data!$C$2:$C$1471,"No",Data!$K$2:$K$1471,"High") -> 0
B27: Very High | C27: =COUNTIFS(Data!$E$2:$E$1471,Analysis!$C$3,Data!$AL$2:$AL$1471,Analysis!$E$3,Data!$H$2:$H$1471,Analysis!$F$3,Data!$AQ$2:$AQ$1471,">="&Analysis!$G$3,Data!$AQ$2:$AQ$1471,"<="&Analysis!$H$3,Data!$C$2:$C$1471,"No",Data!$K$2:$K$1471,"Very High") -> 0
B29: Work-life balance (current employees)
B30: Work-life balance | C30: Employees
B31: Bad | C31: =COUNTIFS(Data!$E$2:$E$1471,Analysis!$C$3,Data!$AL$2:$AL$1471,Analysis!$E$3,Data!$H$2:$H$1471,Analysis!$F$3,Data!$AQ$2:$AQ$1471,">="&Analysis!$G$3,Data!$AQ$2:$AQ$1471,"<="&Analysis!$H$3,Data!$C$2:$C$1471,"No",Data!$M$2:$M$1471,"Bad") -> 0
B32: Good | C32: =COUNTIFS(Data!$E$2:$E$1471,Analysis!$C$3,Data!$AL$2:$AL$1471,Analysis!$E$3,Data!$H$2:$H$1471,Analysis!$F$3,Data!$AQ$2:$AQ$1471,">="&Analysis!$G$3,Data!$AQ$2:$AQ$1471,"<="&Analysis!$H$3,Data!$C$2:$C$1471,"No",Data!$M$2:$M$1471,"Good") -> 0
B33: Better | C33: =COUNTIFS(Data!$E$2:$E$1471,Analysis!$C$3,Data!$AL$2:$AL$1471,Analysis!$E$3,Data!$H$2:$H$1471,Analysis!$F$3,Data!$AQ$2:$AQ$1471,">="&Analysis!$G$3,Data!$AQ$2:$AQ$1471,"<="&Analysis!$H$3,Data!$C$2:$C$1471,"No",Data!$M$2:$M$1471,"Better") -> 0
B34: Best | C34: =COUNTIFS(Data!$E$2:$E$1471,Analysis!$C$3,Data!$AL$2:$AL$1471,Analysis!$E$3,Data!$H$2:$H$1471,Analysis!$F$3,Data!$AQ$2:$AQ$1471,">="&Analysis!$G$3,Data!$AQ$2:$AQ$1471,"<="&Analysis!$H$3,Data!$C$2:$C$1471,"No",Data!$M$2:$M$1471,"Best") -> 0
B36: Quarterly hires and terminations
B37: Quarter | C37: New hires | D37: Terminations | E37: Hires use DateStart (all hires); terminations use DateDeparture
B38: Qtr1 | C38: =COUNTIFS(Data!$E$2:$E$1471,Analysis!$C$3,Data!$AL$2:$AL$1471,Analysis!$E$3,Data!$H$2:$H$1471,Analysis!$F$3,Data!$AQ$2:$AQ$1471,">="&Analysis!$G$3,Data!$AQ$2:$AQ$1471,"<="&Analysis!$H$3,Data!$AM$2:$AM$1471,1) -> 0 | D38: =COUNTIFS(Data!$E$2:$E$1471,Analysis!$C$3,Data!$AL$2:$AL$1471,Analysis!$E$3,Data!$H$2:$H$1471,Analysis!$F$3,Data!$AQ$2:$AQ$1471,">="&Analysis!$G$3,Data!$AQ$2:$AQ$1471,"<="&Analysis!$H$3,Data!$AO$2:$AO$1471,1) -> 0
B39: Qtr2 | C39: =COUNTIFS(Data!$E$2:$E$1471,Analysis!$C$3,Data!$AL$2:$AL$1471,Analysis!$E$3,Data!$H$2:$H$1471,Analysis!$F$3,Data!$AQ$2:$AQ$1471,">="&Analysis!$G$3,Data!$AQ$2:$AQ$1471,"<="&Analysis!$H$3,Data!$AM$2:$AM$1471,2) -> 0 | D39: =COUNTIFS(Data!$E$2:$E$1471,Analysis!$C$3,Data!$AL$2:$AL$1471,Analysis!$E$3,Data!$H$2:$H$1471,Analysis!$F$3,Data!$AQ$2:$AQ$1471,">="&Analysis!$G$3,Data!$AQ$2:$AQ$1471,"<="&Analysis!$H$3,Data!$AO$2:$AO$1471,2) -> 0
B40: Qtr3 | C40: =COUNTIFS(Data!$E$2:$E$1471,Analysis!$C$3,Data!$AL$2:$AL$1471,Analysis!$E$3,Data!$H$2:$H$1471,Analysis!$F$3,Data!$AQ$2:$AQ$1471,">="&Analysis!$G$3,Data!$AQ$2:$AQ$1471,"<="&Analysis!$H$3,Data!$AM$2:$AM$1471,3) -> 0 | D40: =COUNTIFS(Data!$E$2:$E$1471,Analysis!$C$3,Data!$AL$2:$AL$1471,Analysis!$E$3,Data!$H$2:$H$1471,Analysis!$F$3,Data!$AQ$2:$AQ$1471,">="&Analysis!$G$3,Data!$AQ$2:$AQ$1471,"<="&Analysis!$H$3,Data!$AO$2:$AO$1471,3) -> 0
B41: Qtr4 | C41: =COUNTIFS(Data!$E$2:$E$1471,Analysis!$C$3,Data!$AL$2:$AL$1471,Analysis!$E$3,Data!$H$2:$H$1471,Analysis!$F$3,Data!$AQ$2:$AQ$1471,">="&Analysis!$G$3,Data!$AQ$2:$AQ$1471,"<="&Analysis!$H$3,Data!$AM$2:$AM$1471,4) -> 0 | D41: =COUNTIFS(Data!$E$2:$E$1471,Analysis!$C$3,Data!$AL$2:$AL$1471,Analysis!$E$3,Data!$H$2:$H$1471,Analysis!$F$3,Data!$AQ$2:$AQ$1471,">="&Analysis!$G$3,Data!$AQ$2:$AQ$1471,"<="&Analysis!$H$3,Data!$AO$2:$AO$1471,4) -> 0
B43: Monthly terminations (by leaving month) and salary (by hire month)
B44: Month | C44: Terminations | D44: Salary of current staff hired
B45: Jan | C45: =COUNTIFS(Data!$E$2:$E$1471,Analysis!$C$3,Data!$AL$2:$AL$1471,Analysis!$E$3,Data!$H$2:$H$1471,Analysis!$F$3,Data!$AQ$2:$AQ$1471,">="&Analysis!$G$3,Data!$AQ$2:$AQ$1471,"<="&Analysis!$H$3,Data!$AP$2:$AP$1471,1) -> 0 | D45: =SUMIFS(Data!$Z$2:$Z$1471,Data!$E$2:$E$1471,Analysis!$C$3,Data!$AL$2:$AL$1471,Analysis!$E$3,Data!$H$2:$H$1471,Analysis!$F$3,Data!$AQ$2:$AQ$1471,">="&Analysis!$G$3,Data!$AQ$2:$AQ$1471,"<="&Analysis!$H$3,Data!$C$2:$C$1471,"No",Data!$AN$2:$AN$1471,1) -> 0
B46: Feb | C46: =COUNTIFS(Data!$E$2:$E$1471,Analysis!$C$3,Data!$AL$2:$AL$1471,Analysis!$E$3,Data!$H$2:$H$1471,Analysis!$F$3,Data!$AQ$2:$AQ$1471,">="&Analysis!$G$3,Data!$AQ$2:$AQ$1471,"<="&Analysis!$H$3,Data!$AP$2:$AP$1471,2) -> 0 | D46: =SUMIFS(Data!$Z$2:$Z$1471,Data!$E$2:$E$1471,Analysis!$C$3,Data!$AL$2:$AL$1471,Analysis!$E$3,Data!$H$2:$H$1471,Analysis!$F$3,Data!$AQ$2:$AQ$1471,">="&Analysis!$G$3,Data!$AQ$2:$AQ$1471,"<="&Analysis!$H$3,Data!$C$2:$C$1471,"No",Data!$AN$2:$AN$1471,2) -> 0
B47: Mar | C47: =COUNTIFS(Data!$E$2:$E$1471,Analysis!$C$3,Data!$AL$2:$AL$1471,Analysis!$E$3,Data!$H$2:$H$1471,Analysis!$F$3,Data!$AQ$2:$AQ$1471,">="&Analysis!$G$3,Data!$AQ$2:$AQ$1471,"<="&Analysis!$H$3,Data!$AP$2:$AP$1471,3) -> 0 | D47: =SUMIFS(Data!$Z$2:$Z$1471,Data!$E$2:$E$1471,Analysis!$C$3,Data!$AL$2:$AL$1471,Analysis!$E$3,Data!$H$2:$H$1471,Analysis!$F$3,Data!$AQ$2:$AQ$1471,">="&Analysis!$G$3,Data!$AQ$2:$AQ$1471,"<="&Analysis!$H$3,Data!$C$2:$C$1471,"No",Data!$AN$2:$AN$1471,3) -> 0
B48: Apr | C48: =COUNTIFS(Data!$E$2:$E$1471,Analysis!$C$3,Data!$AL$2:$AL$1471,Analysis!$E$3,Data!$H$2:$H$1471,Analysis!$F$3,Data!$AQ$2:$AQ$1471,">="&Analysis!$G$3,Data!$AQ$2:$AQ$1471,"<="&Analysis!$H$3,Data!$AP$2:$AP$1471,4) -> 0 | D48: =SUMIFS(Data!$Z$2:$Z$1471,Data!$E$2:$E$1471,Analysis!$C$3,Data!$AL$2:$AL$1471,Analysis!$E$3,Data!$H$2:$H$1471,Analysis!$F$3,Data!$AQ$2:$AQ$1471,">="&Analysis!$G$3,Data!$AQ$2:$AQ$1471,"<="&Analysis!$H$3,Data!$C$2:$C$1471,"No",Data!$AN$2:$AN$1471,4) -> 0
B49: May | C49: =COUNTIFS(Data!$E$2:$E$1471,Analysis!$C$3,Data!$AL$2:$AL$1471,Analysis!$E$3,Data!$H$2:$H$1471,Analysis!$F$3,Data!$AQ$2:$AQ$1471,">="&Analysis!$G$3,Data!$AQ$2:$AQ$1471,"<="&Analysis!$H$3,Data!$AP$2:$AP$1471,5) -> 0 | D49: =SUMIFS(Data!$Z$2:$Z$1471,Data!$E$2:$E$1471,Analysis!$C$3,Data!$AL$2:$AL$1471,Analysis!$E$3,Data!$H$2:$H$1471,Analysis!$F$3,Data!$AQ$2:$AQ$1471,">="&Analysis!$G$3,Data!$AQ$2:$AQ$1471,"<="&Analysis!$H$3,Data!$C$2:$C$1471,"No",Data!$AN$2:$AN$1471,5) -> 0
B50: Jun | C50: =COUNTIFS(Data!$E$2:$E$1471,Analysis!$C$3,Data!$AL$2:$AL$1471,Analysis!$E$3,Data!$H$2:$H$1471,Analysis!$F$3,Data!$AQ$2:$AQ$1471,">="&Analysis!$G$3,Data!$AQ$2:$AQ$1471,"<="&Analysis!$H$3,Data!$AP$2:$AP$1471,6) -> 0 | D50: =SUMIFS(Data!$Z$2:$Z$1471,Data!$E$2:$E$1471,Analysis!$C$3,Data!$AL$2:$AL$1471,Analysis!$E$3,Data!$H$2:$H$1471,Analysis!$F$3,Data!$AQ$2:$AQ$1471,">="&Analysis!$G$3,Data!$AQ$2:$AQ$1471,"<="&Analysis!$H$3,Data!$C$2:$C$1471,"No",Data!$AN$2:$AN$1471,6) -> 0
B51: Jul | C51: =COUNTIFS(Data!$E$2:$E$1471,Analysis!$C$3,Data!$AL$2:$AL$1471,Analysis!$E$3,Data!$H$2:$H$1471,Analysis!$F$3,Data!$AQ$2:$AQ$1471,">="&Analysis!$G$3,Data!$AQ$2:$AQ$1471,"<="&Analysis!$H$3,Data!$AP$2:$AP$1471,7) -> 0 | D51: =SUMIFS(Data!$Z$2:$Z$1471,Data!$E$2:$E$1471,Analysis!$C$3,Data!$AL$2:$AL$1471,Analysis!$E$3,Data!$H$2:$H$1471,Analysis!$F$3,Data!$AQ$2:$AQ$1471,">="&Analysis!$G$3,Data!$AQ$2:$AQ$1471,"<="&Analysis!$H$3,Data!$C$2:$C$1471,"No",Data!$AN$2:$AN$1471,7) -> 0
B52: Aug | C52: =COUNTIFS(Data!$E$2:$E$1471,Analysis!$C$3,Data!$AL$2:$AL$1471,Analysis!$E$3,Data!$H$2:$H$1471,Analysis!$F$3,Data!$AQ$2:$AQ$1471,">="&Analysis!$G$3,Data!$AQ$2:$AQ$1471,"<="&Analysis!$H$3,Data!$AP$2:$AP$1471,8) -> 0 | D52: =SUMIFS(Data!$Z$2:$Z$1471,Data!$E$2:$E$1471,Analysis!$C$3,Data!$AL$2:$AL$1471,Analysis!$E$3,Data!$H$2:$H$1471,Analysis!$F$3,Data!$AQ$2:$AQ$1471,">="&Analysis!$G$3,Data!$AQ$2:$AQ$1471,"<="&Analysis!$H$3,Data!$C$2:$C$1471,"No",Data!$AN$2:$AN$1471,8) -> 0
B53: Sep | C53: =COUNTIFS(Data!$E$2:$E$1471,Analysis!$C$3,Data!$AL$2:$AL$1471,Analysis!$E$3,Data!$H$2:$H$1471,Analysis!$F$3,Data!$AQ$2:$AQ$1471,">="&Analysis!$G$3,Data!$AQ$2:$AQ$1471,"<="&Analysis!$H$3,Data!$AP$2:$AP$1471,9) -> 0 | D53: =SUMIFS(Data!$Z$2:$Z$1471,Data!$E$2:$E$1471,Analysis!$C$3,Data!$AL$2:$AL$1471,Analysis!$E$3,Data!$H$2:$H$1471,Analysis!$F$3,Data!$AQ$2:$AQ$1471,">="&Analysis!$G$3,Data!$AQ$2:$AQ$1471,"<="&Analysis!$H$3,Data!$C$2:$C$1471,"No",Data!$AN$2:$AN$1471,9) -> 0
B54: Oct | C54: =COUNTIFS(Data!$E$2:$E$1471,Analysis!$C$3,Data!$AL$2:$AL$1471,Analysis!$E$3,Data!$H$2:$H$1471,Analysis!$F$3,Data!$AQ$2:$AQ$1471,">="&Analysis!$G$3,Data!$AQ$2:$AQ$1471,"<="&Analysis!$H$3,Data!$AP$2:$AP$1471,10) -> 0 | D54: =SUMIFS(Data!$Z$2:$Z$1471,Data!$E$2:$E$1471,Analysis!$C$3,Data!$AL$2:$AL$1471,Analysis!$E$3,Data!$H$2:$H$1471,Analysis!$F$3,Data!$AQ$2:$AQ$1471,">="&Analysis!$G$3,Data!$AQ$2:$AQ$1471,"<="&Analysis!$H$3,Data!$C$2:$C$1471,"No",Data!$AN$2:$AN$1471,10) -> 0
B55: Nov | C55: =COUNTIFS(Data!$E$2:$E$1471,Analysis!$C$3,Data!$AL$2:$AL$1471,Analysis!$E$3,Data!$H$2:$H$1471,Analysis!$F$3,Data!$AQ$2:$AQ$1471,">="&Analysis!$G$3,Data!$AQ$2:$AQ$1471,"<="&Analysis!$H$3,Data!$AP$2:$AP$1471,11) -> 0 | D55: =SUMIFS(Data!$Z$2:$Z$1471,Data!$E$2:$E$1471,Analysis!$C$3,Data!$AL$2:$AL$1471,Analysis!$E$3,Data!$H$2:$H$1471,Analysis!$F$3,Data!$AQ$2:$AQ$1471,">="&Analysis!$G$3,Data!$AQ$2:$AQ$1471,"<="&Analysis!$H$3,Data!$C$2:$C$1471,"No",Data!$AN$2:$AN$1471,11) -> 0
B56: Dec | C56: =COUNTIFS(Data!$E$2:$E$1471,Analysis!$C$3,Data!$AL$2:$AL$1471,Analysis!$E$3,Data!$H$2:$H$1471,Analysis!$F$3,Data!$AQ$2:$AQ$1471,">="&Analysis!$G$3,Data!$AQ$2:$AQ$1471,"<="&Analysis!$H$3,Data!$AP$2:$AP$1471,12) -> 0 | D56: =SUMIFS(Data!$Z$2:$Z$1471,Data!$E$2:$E$1471,Analysis!$C$3,Data!$AL$2:$AL$1471,Analysis!$E$3,Data!$H$2:$H$1471,Analysis!$F$3,Data!$AQ$2:$AQ$1471,">="&Analysis!$G$3,Data!$AQ$2:$AQ$1471,"<="&Analysis!$H$3,Data!$C$2:$C$1471,"No",Data!$AN$2:$AN$1471,12) -> 0
B58: Salary by years at company (current employees)
B59: Years at company | C59: Full-time | D59: Contractor
B60: 0 | C60: =SUMIFS(Data!$Z$2:$Z$1471,Data!$E$2:$E$1471,Analysis!$C$3,Data!$AL$2:$AL$1471,Analysis!$E$3,Data!$H$2:$H$1471,Analysis!$F$3,Data!$AQ$2:$AQ$1471,">="&Analysis!$G$3,Data!$AQ$2:$AQ$1471,"<="&Analysis!$H$3,Data!$C$2:$C$1471,"No",Data!$AF$2:$AF$1471,B60,Data!$AL$2:$AL$1471,"Full-time") -> 0 | D60: =SUMIFS(Data!$Z$2:$Z$1471,Data!$E$2:$E$1471,Analysis!$C$3,Data!$AL$2:$AL$1471,Analysis!$E$3,Data!$H$2:$H$1471,Analysis!$F$3,Data!$AQ$2:$AQ$1471,">="&Analysis!$G$3,Data!$AQ$2:$AQ$1471,"<="&Analysis!$H$3,Data!$C$2:$C$1471,"No",Data!$AF$2:$AF$1471,B60,Data!$AL$2:$AL$1471,"Contractor") -> 0
B61: 1 | C61: =SUMIFS(Data!$Z$2:$Z$1471,Data!$E$2:$E$1471,Analysis!$C$3,Data!$AL$2:$AL$1471,Analysis!$E$3,Data!$H$2:$H$1471,Analysis!$F$3,Data!$AQ$2:$AQ$1471,">="&Analysis!$G$3,Data!$AQ$2:$AQ$1471,"<="&Analysis!$H$3,Data!$C$2:$C$1471,"No",Data!$AF$2:$AF$1471,B61,Data!$AL$2:$AL$1471,"Full-time") -> 0 | D61: =SUMIFS(Data!$Z$2:$Z$1471,Data!$E$2:$E$1471,Analysis!$C$3,Data!$AL$2:$AL$1471,Analysis!$E$3,Data!$H$2:$H$1471,Analysis!$F$3,Data!$AQ$2:$AQ$1471,">="&Analysis!$G$3,Data!$AQ$2:$AQ$1471,"<="&Analysis!$H$3,Data!$C$2:$C$1471,"No",Data!$AF$2:$AF$1471,B61,Data!$AL$2:$AL$1471,"Contractor") -> 0
B62: 2 | C62: =SUMIFS(Data!$Z$2:$Z$1471,Data!$E$2:$E$1471,Analysis!$C$3,Data!$AL$2:$AL$1471,Analysis!$E$3,Data!$H$2:$H$1471,Analysis!$F$3,Data!$AQ$2:$AQ$1471,">="&Analysis!$G$3,Data!$AQ$2:$AQ$1471,"<="&Analysis!$H$3,Data!$C$2:$C$1471,"No",Data!$AF$2:$AF$1471,B62,Data!$AL$2:$AL$1471,"Full-time") -> 0 | D62: =SUMIFS(Data!$Z$2:$Z$1471,Data!$E$2:$E$1471,Analysis!$C$3,Data!$AL$2:$AL$1471,Analysis!$E$3,Data!$H$2:$H$1471,Analysis!$F$3,Data!$AQ$2:$AQ$1471,">="&Analysis!$G$3,Data!$AQ$2:$AQ$1471,"<="&Analysis!$H$3,Data!$C$2:$C$1471,"No",Data!$AF$2:$AF$1471,B62,Data!$AL$2:$AL$1471,"Contractor") -> 0
B63: 3 | C63: =SUMIFS(Data!$Z$2:$Z$1471,Data!$E$2:$E$1471,Analysis!$C$3,Data!$AL$2:$AL$1471,Analysis!$E$3,Data!$H$2:$H$1471,Analysis!$F$3,Data!$AQ$2:$AQ$1471,">="&Analysis!$G$3,Data!$AQ$2:$AQ$1471,"<="&Analysis!$H$3,Data!$C$2:$C$1471,"No",Data!$AF$2:$AF$1471,B63,Data!$AL$2:$AL$1471,"Full-time") -> 0 | D63: =SUMIFS(Data!$Z$2:$Z$1471,Data!$E$2:$E$1471,Analysis!$C$3,Data!$AL$2:$AL$1471,Analysis!$E$3,Data!$H$2:$H$1471,Analysis!$F$3,Data!$AQ$2:$AQ$1471,">="&Analysis!$G$3,Data!$AQ$2:$AQ$1471,"<="&Analysis!$H$3,Data!$C$2:$C$1471,"No",Data!$AF$2:$AF$1471,B63,Data!$AL$2:$AL$1471,"Contractor") -> 0
B64: 4 | C64: =SUMIFS(Data!$Z$2:$Z$1471,Data!$E$2:$E$1471,Analysis!$C$3,Data!$AL$2:$AL$1471,Analysis!$E$3,Data!$H$2:$H$1471,Analysis!$F$3,Data!$AQ$2:$AQ$1471,">="&Analysis!$G$3,Data!$AQ$2:$AQ$1471,"<="&Analysis!$H$3,Data!$C$2:$C$1471,"No",Data!$AF$2:$AF$1471,B64,Data!$AL$2:$AL$1471,"Full-time") -> 0 | D64: =SUMIFS(Data!$Z$2:$Z$1471,Data!$E$2:$E$1471,Analysis!$C$3,Data!$AL$2:$AL$1471,Analysis!$E$3,Data!$H$2:$H$1471,Analysis!$F$3,Data!$AQ$2:$AQ$1471,">="&Analysis!$G$3,Data!$AQ$2:$AQ$1471,"<="&Analysis!$H$3,Data!$C$2:$C$1471,"No",Data!$AF$2:$AF$1471,B64,Data!$AL$2:$AL$1471,"Contractor") -> 0
B65: 5 | C65: =SUMIFS(Data!$Z$2:$Z$1471,Data!$E$2:$E$1471,Analysis!$C$3,Data!$AL$2:$AL$1471,Analysis!$E$3,Data!$H$2:$H$1471,Analysis!$F$3,Data!$AQ$2:$AQ$1471,">="&Analysis!$G$3,Data!$AQ$2:$AQ$1471,"<="&Analysis!$H$3,Data!$C$2:$C$1471,"No",Data!$AF$2:$AF$1471,B65,Data!$AL$2:$AL$1471,"Full-time") -> 0 | D65: =SUMIFS(Data!$Z$2:$Z$1471,Data!$E$2:$E$1471,Analysis!$C$3,Data!$AL$2:$AL$1471,Analysis!$E$3,Data!$H$2:$H$1471,Analysis!$F$3,Data!$AQ$2:$AQ$1471,">="&Analysis!$G$3,Data!$AQ$2:$AQ$1471,"<="&Analysis!$H$3,Data!$C$2:$C$1471,"No",Data!$AF$2:$AF$1471,B65,Data!$AL$2:$AL$1471,"Contractor") -> 0
B66: 6 | C66: =SUMIFS(Data!$Z$2:$Z$1471,Data!$E$2:$E$1471,Analysis!$C$3,Data!$AL$2:$AL$1471,Analysis!$E$3,Data!$H$2:$H$1471,Analysis!$F$3,Data!$AQ$2:$AQ$1471,">="&Analysis!$G$3,Data!$AQ$2:$AQ$1471,"<="&Analysis!$H$3,Data!$C$2:$C$1471,"No",Data!$AF$2:$AF$1471,B66,Data!$AL$2:$AL$1471,"Full-time") -> 0 | D66: =SUMIFS(Data!$Z$2:$Z$1471,Data!$E$2:$E$1471,Analysis!$C$3,Data!$AL$2:$AL$1471,Analysis!$E$3,Data!$H$2:$H$1471,Analysis!$F$3,Data!$AQ$2:$AQ$1471,">="&Analysis!$G$3,Data!$AQ$2:$AQ$1471,"<="&Analysis!$H$3,Data!$C$2:$C$1471,"No",Data!$AF$2:$AF$1471,B66,Data!$AL$2:$AL$1471,"Contractor") -> 0
B67: 7 | C67: =SUMIFS(Data!$Z$2:$Z$1471,Data!$E$2:$E$1471,Analysis!$C$3,Data!$AL$2:$AL$1471,Analysis!$E$3,Data!$H$2:$H$1471,Analysis!$F$3,Data!$AQ$2:$AQ$1471,">="&Analysis!$G$3,Data!$AQ$2:$AQ$1471,"<="&Analysis!$H$3,Data!$C$2:$C$1471,"No",Data!$AF$2:$AF$1471,B67,Data!$AL$2:$AL$1471,"Full-time") -> 0 | D67: =SUMIFS(Data!$Z$2:$Z$1471,Data!$E$2:$E$1471,Analysis!$C$3,Data!$AL$2:$AL$1471,Analysis!$E$3,Data!$H$2:$H$1471,Analysis!$F$3,Data!$AQ$2:$AQ$1471,">="&Analysis!$G$3,Data!$AQ$2:$AQ$1471,"<="&Analysis!$H$3,Data!$C$2:$C$1471,"No",Data!$AF$2:$AF$1471,B67,Data!$AL$2:$AL$1471,"Contractor") -> 0
B68: 8 | C68: =SUMIFS(Data!$Z$2:$Z$1471,Data!$E$2:$E$1471,Analysis!$C$3,Data!$AL$2:$AL$1471,Analysis!$E$3,Data!$H$2:$H$1471,Analysis!$F$3,Data!$AQ$2:$AQ$1471,">="&Analysis!$G$3,Data!$AQ$2:$AQ$1471,"<="&Analysis!$H$3,Data!$C$2:$C$1471,"No",Data!$AF$2:$AF$1471,B68,Data!$AL$2:$AL$1471,"Full-time") -> 0 | D68: =SUMIFS(Data!$Z$2:$Z$1471,Data!$E$2:$E$1471,Analysis!$C$3,Data!$AL$2:$AL$1471,Analysis!$E$3,Data!$H$2:$H$1471,Analysis!$F$3,Data!$AQ$2:$AQ$1471,">="&Analysis!$G$3,Data!$AQ$2:$AQ$1471,"<="&Analysis!$H$3,Data!$C$2:$C$1471,"No",Data!$AF$2:$AF$1471,B68,Data!$AL$2:$AL$1471,"Contractor") -> 0
B69: 9 | C69: =SUMIFS(Data!$Z$2:$Z$1471,Data!$E$2:$E$1471,Analysis!$C$3,Data!$AL$2:$AL$1471,Analysis!$E$3,Data!$H$2:$H$1471,Analysis!$F$3,Data!$AQ$2:$AQ$1471,">="&Analysis!$G$3,Data!$AQ$2:$AQ$1471,"<="&Analysis!$H$3,Data!$C$2:$C$1471,"No",Data!$AF$2:$AF$1471,B69,Data!$AL$2:$AL$1471,"Full-time") -> 0 | D69: =SUMIFS(Data!$Z$2:$Z$1471,Data!$E$2:$E$1471,Analysis!$C$3,Data!$AL$2:$AL$1471,Analysis!$E$3,Data!$H$2:$H$1471,Analysis!$F$3,Data!$AQ$2:$AQ$1471,">="&Analysis!$G$3,Data!$AQ$2:$AQ$1471,"<="&Analysis!$H$3,Data!$C$2:$C$1471,"No",Data!$AF$2:$AF$1471,B69,Data!$AL$2:$AL$1471,"Contractor") -> 0
B70: 10 | C70: =SUMIFS(Data!$Z$2:$Z$1471,Data!$E$2:$E$1471,Analysis!$C$3,Data!$AL$2:$AL$1471,Analysis!$E$3,Data!$H$2:$H$1471,Analysis!$F$3,Data!$AQ$2:$AQ$1471,">="&Analysis!$G$3,Data!$AQ$2:$AQ$1471,"<="&Analysis!$H$3,Data!$C$2:$C$1471,"No",Data!$AF$2:$AF$1471,B70,Data!$AL$2:$AL$1471,"Full-time") -> 0 | D70: =SUMIFS(Data!$Z$2:$Z$1471,Data!$E$2:$E$1471,Analysis!$C$3,Data!$AL$2:$AL$1471,Analysis!$E$3,Data!$H$2:$H$1471,Analysis!$F$3,Data!$AQ$2:$AQ$1471,">="&Analysis!$G$3,Data!$AQ$2:$AQ$1471,"<="&Analysis!$H$3,Data!$C$2:$C$1471,"No",Data!$AF$2:$AF$1471,B70,Data!$AL$2:$AL$1471,"Contractor") -> 0
B71: 11 | C71: =SUMIFS(Data!$Z$2:$Z$1471,Data!$E$2:$E$1471,Analysis!$C$3,Data!$AL$2:$AL$1471,Analysis!$E$3,Data!$H$2:$H$1471,Analysis!$F$3,Data!$AQ$2:$AQ$1471,">="&Analysis!$G$3,Data!$AQ$2:$AQ$1471,"<="&Analysis!$H$3,Data!$C$2:$C$1471,"No",Data!$AF$2:$AF$1471,B71,Data!$AL$2:$AL$1471,"Full-time") -> 0 | D71: =SUMIFS(Data!$Z$2:$Z$1471,Data!$E$2:$E$1471,Analysis!$C$3,Data!$AL$2:$AL$1471,Analysis!$E$3,Data!$H$2:$H$1471,Analysis!$F$3,Data!$AQ$2:$AQ$1471,">="&Analysis!$G$3,Data!$AQ$2:$AQ$1471,"<="&Analysis!$H$3,Data!$C$2:$C$1471,"No",Data!$AF$2:$AF$1471,B71,Data!$AL$2:$AL$1471,"Contractor") -> 0
... B97: 37 | C97: =SUMIFS(Data!$Z$2:$Z$1471,Data!$E$2:$E$1471,Analysis!$C$3,Data!$AL$2:$AL$1471,Analysis!$E$3,Data!$H$2:$H$1471,Analysis!$F$3,Data!$AQ$2:$AQ$1471,">="&Analysis!$G$3,Data!$AQ$2:$AQ$1471,"<="&Analysis!$H$3,Data!$C$2:$C$1471,"No",Data!$AF$2:$AF$1471,B97,Data!$AL$2:$AL$1471,"Full-time") -> 0 | D97: =SUMIFS(Data!$Z$2:$Z$1471,Data!$E$2:$E$1471,Analysis!$C$3,Data!$AL$2:$AL$1471,Analysis!$E$3,Data!$H$2:$H$1471,Analysis!$F$3,Data!$AQ$2:$AQ$1471,">="&Analysis!$G$3,Data!$AQ$2:$AQ$1471,"<="&Analysis!$H$3,Data!$C$2:$C$1471,"No",Data!$AF$2:$AF$1471,B97,Data!$AL$2:$AL$1471,"Contractor") -> 0
B99: Salary by total working years and gender (current employees)
B100: Total working years | C100: Female | D100: Male
B101: 0 | C101: =SUMIFS(Data!$Z$2:$Z$1471,Data!$E$2:$E$1471,Analysis!$C$3,Data!$AL$2:$AL$1471,Analysis!$E$3,Data!$H$2:$H$1471,Analysis!$F$3,Data!$AQ$2:$AQ$1471,">="&Analysis!$G$3,Data!$AQ$2:$AQ$1471,"<="&Analysis!$H$3,Data!$C$2:$C$1471,"No",Data!$S$2:$S$1471,B101,Data!$H$2:$H$1471,"Female") -> 0 | D101: =SUMIFS(Data!$Z$2:$Z$1471,Data!$E$2:$E$1471,Analysis!$C$3,Data!$AL$2:$AL$1471,Analysis!$E$3,Data!$H$2:$H$1471,Analysis!$F$3,Data!$AQ$2:$AQ$1471,">="&Analysis!$G$3,Data!$AQ$2:$AQ$1471,"<="&Analysis!$H$3,Data!$C$2:$C$1471,"No",Data!$S$2:$S$1471,B101,Data!$H$2:$H$1471,"Male") -> 0
B102: 1 | C102: =SUMIFS(Data!$Z$2:$Z$1471,Data!$E$2:$E$1471,Analysis!$C$3,Data!$AL$2:$AL$1471,Analysis!$E$3,Data!$H$2:$H$1471,Analysis!$F$3,Data!$AQ$2:$AQ$1471,">="&Analysis!$G$3,Data!$AQ$2:$AQ$1471,"<="&Analysis!$H$3,Data!$C$2:$C$1471,"No",Data!$S$2:$S$1471,B102,Data!$H$2:$H$1471,"Female") -> 0 | D102: =SUMIFS(Data!$Z$2:$Z$1471,Data!$E$2:$E$1471,Analysis!$C$3,Data!$AL$2:$AL$1471,Analysis!$E$3,Data!$H$2:$H$1471,Analysis!$F$3,Data!$AQ$2:$AQ$1471,">="&Analysis!$G$3,Data!$AQ$2:$AQ$1471,"<="&Analysis!$H$3,Data!$C$2:$C$1471,"No",Data!$S$2:$S$1471,B102,Data!$H$2:$H$1471,"Male") -> 0
B103: 2 | C103: =SUMIFS(Data!$Z$2:$Z$1471,Data!$E$2:$E$1471,Analysis!$C$3,Data!$AL$2:$AL$1471,Analysis!$E$3,Data!$H$2:$H$1471,Analysis!$F$3,Data!$AQ$2:$AQ$1471,">="&Analysis!$G$3,Data!$AQ$2:$AQ$1471,"<="&Analysis!$H$3,Data!$C$2:$C$1471,"No",Data!$S$2:$S$1471,B103,Data!$H$2:$H$1471,"Female") -> 0 | D103: =SUMIFS(Data!$Z$2:$Z$1471,Data!$E$2:$E$1471,Analysis!$C$3,Data!$AL$2:$AL$1471,Analysis!$E$3,Data!$H$2:$H$1471,Analysis!$F$3,Data!$AQ$2:$AQ$1471,">="&Analysis!$G$3,Data!$AQ$2:$AQ$1471,"<="&Analysis!$H$3,Data!$C$2:$C$1471,"No",Data!$S$2:$S$1471,B103,Data!$H$2:$H$1471,"Male") -> 0
B104: 3 | C104: =SUMIFS(Data!$Z$2:$Z$1471,Data!$E$2:$E$1471,Analysis!$C$3,Data!$AL$2:$AL$1471,Analysis!$E$3,Data!$H$2:$H$1471,Analysis!$F$3,Data!$AQ$2:$AQ$1471,">="&Analysis!$G$3,Data!$AQ$2:$AQ$1471,"<="&Analysis!$H$3,Data!$C$2:$C$1471,"No",Data!$S$2:$S$1471,B104,Data!$H$2:$H$1471,"Female") -> 0 | D104: =SUMIFS(Data!$Z$2:$Z$1471,Data!$E$2:$E$1471,Analysis!$C$3,Data!$AL$2:$AL$1471,Analysis!$E$3,Data!$H$2:$H$1471,Analysis!$F$3,Data!$AQ$2:$AQ$1471,">="&Analysis!$G$3,Data!$AQ$2:$AQ$1471,"<="&Analysis!$H$3,Data!$C$2:$C$1471,"No",Data!$S$2:$S$1471,B104,Data!$H$2:$H$1471,"Male") -> 0
B105: 4 | C105: =SUMIFS(Data!$Z$2:$Z$1471,Data!$E$2:$E$1471,Analysis!$C$3,Data!$AL$2:$AL$1471,Analysis!$E$3,Data!$H$2:$H$1471,Analysis!$F$3,Data!$AQ$2:$AQ$1471,">="&Analysis!$G$3,Data!$AQ$2:$AQ$1471,"<="&Analysis!$H$3,Data!$C$2:$C$1471,"No",Data!$S$2:$S$1471,B105,Data!$H$2:$H$1471,"Female") -> 0 | D105: =SUMIFS(Data!$Z$2:$Z$1471,Data!$E$2:$E$1471,Analysis!$C$3,Data!$AL$2:$AL$1471,Analysis!$E$3,Data!$H$2:$H$1471,Analysis!$F$3,Data!$AQ$2:$AQ$1471,">="&Analysis!$G$3,Data!$AQ$2:$AQ$1471,"<="&Analysis!$H$3,Data!$C$2:$C$1471,"No",Data!$S$2:$S$1471,B105,Data!$H$2:$H$1471,"Male") -> 0
B106: 5 | C106: =SUMIFS(Data!$Z$2:$Z$1471,Data!$E$2:$E$1471,Analysis!$C$3,Data!$AL$2:$AL$1471,Analysis!$E$3,Data!$H$2:$H$1471,Analysis!$F$3,Data!$AQ$2:$AQ$1471,">="&Analysis!$G$3,Data!$AQ$2:$AQ$1471,"<="&Analysis!$H$3,Data!$C$2:$C$1471,"No",Data!$S$2:$S$1471,B106,Data!$H$2:$H$1471,"Female") -> 0 | D106: =SUMIFS(Data!$Z$2:$Z$1471,Data!$E$2:$E$1471,Analysis!$C$3,Data!$AL$2:$AL$1471,Analysis!$E$3,Data!$H$2:$H$1471,Analysis!$F$3,Data!$AQ$2:$AQ$1471,">="&Analysis!$G$3,Data!$AQ$2:$AQ$1471,"<="&Analysis!$H$3,Data!$C$2:$C$1471,"No",Data!$S$2:$S$1471,B106,Data!$H$2:$H$1471,"Male") -> 0
B107: 6 | C107: =SUMIFS(Data!$Z$2:$Z$1471,Data!$E$2:$E$1471,Analysis!$C$3,Data!$AL$2:$AL$1471,Analysis!$E$3,Data!$H$2:$H$1471,Analysis!$F$3,Data!$AQ$2:$AQ$1471,">="&Analysis!$G$3,Data!$AQ$2:$AQ$1471,"<="&Analysis!$H$3,Data!$C$2:$C$1471,"No",Data!$S$2:$S$1471,B107,Data!$H$2:$H$1471,"Female") -> 0 | D107: =SUMIFS(Data!$Z$2:$Z$1471,Data!$E$2:$E$1471,Analysis!$C$3,Data!$AL$2:$AL$1471,Analysis!$E$3,Data!$H$2:$H$1471,Analysis!$F$3,Data!$AQ$2:$AQ$1471,">="&Analysis!$G$3,Data!$AQ$2:$AQ$1471,"<="&Analysis!$H$3,Data!$C$2:$C$1471,"No",Data!$S$2:$S$1471,B107,Data!$H$2:$H$1471,"Male") -> 0
B108: 7 | C108: =SUMIFS(Data!$Z$2:$Z$1471,Data!$E$2:$E$1471,Analysis!$C$3,Data!$AL$2:$AL$1471,Analysis!$E$3,Data!$H$2:$H$1471,Analysis!$F$3,Data!$AQ$2:$AQ$1471,">="&Analysis!$G$3,Data!$AQ$2:$AQ$1471,"<="&Analysis!$H$3,Data!$C$2:$C$1471,"No",Data!$S$2:$S$1471,B108,Data!$H$2:$H$1471,"Female") -> 0 | D108: =SUMIFS(Data!$Z$2:$Z$1471,Data!$E$2:$E$1471,Analysis!$C$3,Data!$AL$2:$AL$1471,Analysis!$E$3,Data!$H$2:$H$1471,Analysis!$F$3,Data!$AQ$2:$AQ$1471,">="&Analysis!$G$3,Data!$AQ$2:$AQ$1471,"<="&Analysis!$H$3,Data!$C$2:$C$1471,"No",Data!$S$2:$S$1471,B108,Data!$H$2:$H$1471,"Male") -> 0
B109: 8 | C109: =SUMIFS(Data!$Z$2:$Z$1471,Data!$E$2:$E$1471,Analysis!$C$3,Data!$AL$2:$AL$1471,Analysis!$E$3,Data!$H$2:$H$1471,Analysis!$F$3,Data!$AQ$2:$AQ$1471,">="&Analysis!$G$3,Data!$AQ$2:$AQ$1471,"<="&Analysis!$H$3,Data!$C$2:$C$1471,"No",Data!$S$2:$S$1471,B109,Data!$H$2:$H$1471,"Female") -> 0 | D109: =SUMIFS(Data!$Z$2:$Z$1471,Data!$E$2:$E$1471,Analysis!$C$3,Data!$AL$2:$AL$1471,Analysis!$E$3,Data!$H$2:$H$1471,Analysis!$F$3,Data!$AQ$2:$AQ$1471,">="&Analysis!$G$3,Data!$AQ$2:$AQ$1471,"<="&Analysis!$H$3,Data!$C$2:$C$1471,"No",Data!$S$2:$S$1471,B109,Data!$H$2:$H$1471,"Male") -> 0
B110: 9 | C110: =SUMIFS(Data!$Z$2:$Z$1471,Data!$E$2:$E$1471,Analysis!$C$3,Data!$AL$2:$AL$1471,Analysis!$E$3,Data!$H$2:$H$1471,Analysis!$F$3,Data!$AQ$2:$AQ$1471,">="&Analysis!$G$3,Data!$AQ$2:$AQ$1471,"<="&Analysis!$H$3,Data!$C$2:$C$1471,"No",Data!$S$2:$S$1471,B110,Data!$H$2:$H$1471,"Female") -> 0 | D110: =SUMIFS(Data!$Z$2:$Z$1471,Data!$E$2:$E$1471,Analysis!$C$3,Data!$AL$2:$AL$1471,Analysis!$E$3,Data!$H$2:$H$1471,Analysis!$F$3,Data!$AQ$2:$AQ$1471,">="&Analysis!$G$3,Data!$AQ$2:$AQ$1471,"<="&Analysis!$H$3,Data!$C$2:$C$1471,"No",Data!$S$2:$S$1471,B110,Data!$H$2:$H$1471,"Male") -> 0
B111: 10 | C111: =SUMIFS(Data!$Z$2:$Z$1471,Data!$E$2:$E$1471,Analysis!$C$3,Data!$AL$2:$AL$1471,Analysis!$E$3,Data!$H$2:$H$1471,Analysis!$F$3,Data!$AQ$2:$AQ$1471,">="&Analysis!$G$3,Data!$AQ$2:$AQ$1471,"<="&Analysis!$H$3,Data!$C$2:$C$1471,"No",Data!$S$2:$S$1471,B111,Data!$H$2:$H$1471,"Female") -> 0 | D111: =SUMIFS(Data!$Z$2:$Z$1471,Data!$E$2:$E$1471,Analysis!$C$3,Data!$AL$2:$AL$1471,Analysis!$E$3,Data!$H$2:$H$1471,Analysis!$F$3,Data!$AQ$2:$AQ$1471,">="&Analysis!$G$3,Data!$AQ$2:$AQ$1471,"<="&Analysis!$H$3,Data!$C$2:$C$1471,"No",Data!$S$2:$S$1471,B111,Data!$H$2:$H$1471,"Male") -> 0
B112: 11 | C112: =SUMIFS(Data!$Z$2:$Z$1471,Data!$E$2:$E$1471,Analysis!$C$3,Data!$AL$2:$AL$1471,Analysis!$E$3,Data!$H$2:$H$1471,Analysis!$F$3,Data!$AQ$2:$AQ$1471,">="&Analysis!$G$3,Data!$AQ$2:$AQ$1471,"<="&Analysis!$H$3,Data!$C$2:$C$1471,"No",Data!$S$2:$S$1471,B112,Data!$H$2:$H$1471,"Female") -> 0 | D112: =SUMIFS(Data!$Z$2:$Z$1471,Data!$E$2:$E$1471,Analysis!$C$3,Data!$AL$2:$AL$1471,Analysis!$E$3,Data!$H$2:$H$1471,Analysis!$F$3,Data!$AQ$2:$AQ$1471,">="&Analysis!$G$3,Data!$AQ$2:$AQ$1471,"<="&Analysis!$H$3,Data!$C$2:$C$1471,"No",Data!$S$2:$S$1471,B112,Data!$H$2:$H$1471,"Male") -> 0
... B141: 40 | C141: =SUMIFS(Data!$Z$2:$Z$1471,Data!$E$2:$E$1471,Analysis!$C$3,Data!$AL$2:$AL$1471,Analysis!$E$3,Data!$H$2:$H$1471,Analysis!$F$3,Data!$AQ$2:$AQ$1471,">="&Analysis!$G$3,Data!$AQ$2:$AQ$1471,"<="&Analysis!$H$3,Data!$C$2:$C$1471,"No",Data!$S$2:$S$1471,B141,Data!$H$2:$H$1471,"Female") -> 0 | D141: =SUMIFS(Data!$Z$2:$Z$1471,Data!$E$2:$E$1471,Analysis!$C$3,Data!$AL$2:$AL$1471,Analysis!$E$3,Data!$H$2:$H$1471,Analysis!$F$3,Data!$AQ$2:$AQ$1471,">="&Analysis!$G$3,Data!$AQ$2:$AQ$1471,"<="&Analysis!$H$3,Data!$C$2:$C$1471,"No",Data!$S$2:$S$1471,B141,Data!$H$2:$H$1471,"Male") -> 0
B143: Why people leave: termination share of all employees in each group
B144: Group | C144: Employees | D144: Left | E144: Leave rate
B145: Overtime: Yes | C145: =COUNTIFS(Data!$E$2:$E$1471,Analysis!$C$3,Data!$AL$2:$AL$1471,Analysis!$E$3,Data!$H$2:$H$1471,Analysis!$F$3,Data!$AQ$2:$AQ$1471,">="&Analysis!$G$3,Data!$AQ$2:$AQ$1471,"<="&Analysis!$H$3,Data!$P$2:$P$1471,"Yes") -> 0 | D145: =COUNTIFS(Data!$E$2:$E$1471,Analysis!$C$3,Data!$AL$2:$AL$1471,Analysis!$E$3,Data!$H$2:$H$1471,Analysis!$F$3,Data!$AQ$2:$AQ$1471,">="&Analysis!$G$3,Data!$AQ$2:$AQ$1471,"<="&Analysis!$H$3,Data!$P$2:$P$1471,"Yes",Data!$C$2:$C$1471,"Yes") -> 0 | E145: =IFERROR(D145/C145,0) -> 0
B146: Overtime: No | C146: =COUNTIFS(Data!$E$2:$E$1471,Analysis!$C$3,Data!$AL$2:$AL$1471,Analysis!$E$3,Data!$H$2:$H$1471,Analysis!$F$3,Data!$AQ$2:$AQ$1471,">="&Analysis!$G$3,Data!$AQ$2:$AQ$1471,"<="&Analysis!$H$3,Data!$P$2:$P$1471,"No") -> 0 | D146: =COUNTIFS(Data!$E$2:$E$1471,Analysis!$C$3,Data!$AL$2:$AL$1471,Analysis!$E$3,Data!$H$2:$H$1471,Analysis!$F$3,Data!$AQ$2:$AQ$1471,">="&Analysis!$G$3,Data!$AQ$2:$AQ$1471,"<="&Analysis!$H$3,Data!$P$2:$P$1471,"No",Data!$C$2:$C$1471,"Yes") -> 0 | E146: =IFERROR(D146/C146,0) -> 0
B147: Work-life balance: Bad | C147: =COUNTIFS(Data!$E$2:$E$1471,Analysis!$C$3,Data!$AL$2:$AL$1471,Analysis!$E$3,Data!$H$2:$H$1471,Analysis!$F$3,Data!$AQ$2:$AQ$1471,">="&Analysis!$G$3,Data!$AQ$2:$AQ$1471,"<="&Analysis!$H$3,Data!$M$2:$M$1471,"Bad") -> 0 | D147: =COUNTIFS(Data!$E$2:$E$1471,Analysis!$C$3,Data!$AL$2:$AL$1471,Analysis!$E$3,Data!$H$2:$H$1471,Analysis!$F$3,Data!$AQ$2:$AQ$1471,">="&Analysis!$G$3,Data!$AQ$2:$AQ$1471,"<="&Analysis!$H$3,Data!$M$2:$M$1471,"Bad",Data!$C$2:$C$1471,"Yes") -> 0 | E147: =IFERROR(D147/C147,0) -> 0
B148: Work-life balance: Better | C148: =COUNTIFS(Data!$E$2:$E$1471,Analysis!$C$3,Data!$AL$2:$AL$1471,Analysis!$E$3,Data!$H$2:$H$1471,Analysis!$F$3,Data!$AQ$2:$AQ$1471,">="&Analysis!$G$3,Data!$AQ$2:$AQ$1471,"<="&Analysis!$H$3,Data!$M$2:$M$1471,"Better") -> 0 | D148: =COUNTIFS(Data!$E$2:$E$1471,Analysis!$C$3,Data!$AL$2:$AL$1471,Analysis!$E$3,Data!$H$2:$H$1471,Analysis!$F$3,Data!$AQ$2:$AQ$1471,">="&Analysis!$G$3,Data!$AQ$2:$AQ$1471,"<="&Analysis!$H$3,Data!$M$2:$M$1471,"Better",Data!$C$2:$C$1471,"Yes") -> 0 | E148: =IFERROR(D148/C148,0) -> 0
B149: Job satisfaction: Low | C149: =COUNTIFS(Data!$E$2:$E$1471,Analysis!$C$3,Data!$AL$2:$AL$1471,Analysis!$E$3,Data!$H$2:$H$1471,Analysis!$F$3,Data!$AQ$2:$AQ$1471,">="&Analysis!$G$3,Data!$AQ$2:$AQ$1471,"<="&Analysis!$H$3,Data!$K$2:$K$1471,"Low") -> 0 | D149: =COUNTIFS(Data!$E$2:$E$1471,Analysis!$C$3,Data!$AL$2:$AL$1471,Analysis!$E$3,Data!$H$2:$H$1471,Analysis!$F$3,Data!$AQ$2:$AQ$1471,">="&Analysis!$G$3,Data!$AQ$2:$AQ$1471,"<="&Analysis!$H$3,Data!$K$2:$K$1471,"Low",Data!$C$2:$C$1471,"Yes") -> 0 | E149: =IFERROR(D149/C149,0) -> 0
B150: Job satisfaction: Very High | C150: =COUNTIFS(Data!$E$2:$E$1471,Analysis!$C$3,Data!$AL$2:$AL$1471,Analysis!$E$3,Data!$H$2:$H$1471,Analysis!$F$3,Data!$AQ$2:$AQ$1471,">="&Analysis!$G$3,Data!$AQ$2:$AQ$1471,"<="&Analysis!$H$3,Data!$K$2:$K$1471,"Very High") -> 0 | D150: =COUNTIFS(Data!$E$2:$E$1471,Analysis!$C$3,Data!$AL$2:$AL$1471,Analysis!$E$3,Data!$H$2:$H$1471,Analysis!$F$3,Data!$AQ$2:$AQ$1471,">="&Analysis!$G$3,Data!$AQ$2:$AQ$1471,"<="&Analysis!$H$3,Data!$K$2:$K$1471,"Very High",Data!$C$2:$C$1471,"Yes") -> 0 | E150: =IFERROR(D150/C150,0) -> 0
B151: Age 20-30 | C151: =COUNTIFS(Data!$E$2:$E$1471,Analysis!$C$3,Data!$AL$2:$AL$1471,Analysis!$E$3,Data!$H$2:$H$1471,Analysis!$F$3,Data!$AQ$2:$AQ$1471,">="&Analysis!$G$3,Data!$AQ$2:$AQ$1471,"<="&Analysis!$H$3,Data!$AG$2:$AG$1471,"2_Between 20 and 30") -> 0 | D151: =COUNTIFS(Data!$E$2:$E$1471,Analysis!$C$3,Data!$AL$2:$AL$1471,Analysis!$E$3,Data!$H$2:$H$1471,Analysis!$F$3,Data!$AQ$2:$AQ$1471,">="&Analysis!$G$3,Data!$AQ$2:$AQ$1471,"<="&Analysis!$H$3,Data!$AG$2:$AG$1471,"2_Between 20 and 30",Data!$C$2:$C$1471,"Yes") -> 0 | E151: =IFERROR(D151/C151,0) -> 0
B152: Age 40-50 | C152: =COUNTIFS(Data!$E$2:$E$1471,Analysis!$C$3,Data!$AL$2:$AL$1471,Analysis!$E$3,Data!$H$2:$H$1471,Analysis!$F$3,Data!$AQ$2:$AQ$1471,">="&Analysis!$G$3,Data!$AQ$2:$AQ$1471,"<="&Analysis!$H$3,Data!$AG$2:$AG$1471,"4_Between 40 and 50") -> 0 | D152: =COUNTIFS(Data!$E$2:$E$1471,Analysis!$C$3,Data!$AL$2:$AL$1471,Analysis!$E$3,Data!$H$2:$H$1471,Analysis!$F$3,Data!$AQ$2:$AQ$1471,">="&Analysis!$G$3,Data!$AQ$2:$AQ$1471,"<="&Analysis!$H$3,Data!$AG$2:$AG$1471,"4_Between 40 and 50",Data!$C$2:$C$1471,"Yes") -> 0 | E152: =IFERROR(D152/C152,0) -> 0
B153: Single | C153: =COUNTIFS(Data!$E$2:$E$1471,Analysis!$C$3,Data!$AL$2:$AL$1471,Analysis!$E$3,Data!$H$2:$H$1471,Analysis!$F$3,Data!$AQ$2:$AQ$1471,">="&Analysis!$G$3,Data!$AQ$2:$AQ$1471,"<="&Analysis!$H$3,Data!$N$2:$N$1471,"Single") -> 0 | D153: =COUNTIFS(Data!$E$2:$E$1471,Analysis!$C$3,Data!$AL$2:$AL$1471,Analysis!$E$3,Data!$H$2:$H$1471,Analysis!$F$3,Data!$AQ$2:$AQ$1471,">="&Analysis!$G$3,Data!$AQ$2:$AQ$1471,"<="&Analysis!$H$3,Data!$N$2:$N$1471,"Single",Data!$C$2:$C$1471,"Yes") -> 0 | E153: =IFERROR(D153/C153,0) -> 0
B154: Divorced | C154: =COUNTIFS(Data!$E$2:$E$1471,Analysis!$C$3,Data!$AL$2:$AL$1471,Analysis!$E$3,Data!$H$2:$H$1471,Analysis!$F$3,Data!$AQ$2:$AQ$1471,">="&Analysis!$G$3,Data!$AQ$2:$AQ$1471,"<="&Analysis!$H$3,Data!$N$2:$N$1471,"Divorced") -> 0 | D154: =COUNTIFS(Data!$E$2:$E$1471,Analysis!$C$3,Data!$AL$2:$AL$1471,Analysis!$E$3,Data!$H$2:$H$1471,Analysis!$F$3,Data!$AQ$2:$AQ$1471,">="&Analysis!$G$3,Data!$AQ$2:$AQ$1471,"<="&Analysis!$H$3,Data!$N$2:$N$1471,"Divorced",Data!$C$2:$C$1471,"Yes") -> 0 | E154: =IFERROR(D154/C154,0) -> 0
B155: Travels frequently | C155: =COUNTIFS(Data!$E$2:$E$1471,Analysis!$C$3,Data!$AL$2:$AL$1471,Analysis!$E$3,Data!$H$2:$H$1471,Analysis!$F$3,Data!$AQ$2:$AQ$1471,">="&Analysis!$G$3,Data!$AQ$2:$AQ$1471,"<="&Analysis!$H$3,Data!$D$2:$D$1471,"Travel_Frequently") -> 0 | D155: =COUNTIFS(Data!$E$2:$E$1471,Analysis!$C$3,Data!$AL$2:$AL$1471,Analysis!$E$3,Data!$H$2:$H$1471,Analysis!$F$3,Data!$AQ$2:$AQ$1471,">="&Analysis!$G$3,Data!$AQ$2:$AQ$1471,"<="&Analysis!$H$3,Data!$D$2:$D$1471,"Travel_Frequently",Data!$C$2:$C$1471,"Yes") -> 0 | E155: =IFERROR(D155/C155,0) -> 0
B156: Non-travel | C156: =COUNTIFS(Data!$E$2:$E$1471,Analysis!$C$3,Data!$AL$2:$AL$1471,Analysis!$E$3,Data!$H$2:$H$1471,Analysis!$F$3,Data!$AQ$2:$AQ$1471,">="&Analysis!$G$3,Data!$AQ$2:$AQ$1471,"<="&Analysis!$H$3,Data!$D$2:$D$1471,"Non-Travel") -> 0 | D156: =COUNTIFS(Data!$E$2:$E$1471,Analysis!$C$3,Data!$AL$2:$AL$1471,Analysis!$E$3,Data!$H$2:$H$1471,Analysis!$F$3,Data!$AQ$2:$AQ$1471,">="&Analysis!$G$3,Data!$AQ$2:$AQ$1471,"<="&Analysis!$H$3,Data!$D$2:$D$1471,"Non-Travel",Data!$C$2:$C$1471,"Yes") -> 0 | E156: =IFERROR(D156/C156,0) -> 0
B157: Contractor | C157: =COUNTIFS(Data!$E$2:$E$1471,Analysis!$C$3,Data!$AL$2:$AL$1471,Analysis!$E$3,Data!$H$2:$H$1471,Analysis!$F$3,Data!$AQ$2:$AQ$1471,">="&Analysis!$G$3,Data!$AQ$2:$AQ$1471,"<="&Analysis!$H$3,Data!$AL$2:$AL$1471,"Contractor") -> 0 | D157: =COUNTIFS(Data!$E$2:$E$1471,Analysis!$C$3,Data!$AL$2:$AL$1471,Analysis!$E$3,Data!$H$2:$H$1471,Analysis!$F$3,Data!$AQ$2:$AQ$1471,">="&Analysis!$G$3,Data!$AQ$2:$AQ$1471,"<="&Analysis!$H$3,Data!$AL$2:$AL$1471,"Contractor",Data!$C$2:$C$1471,"Yes") -> 0 | E157: =IFERROR(D157/C157,0) -> 0
B158: Full-time | C158: =COUNTIFS(Data!$E$2:$E$1471,Analysis!$C$3,Data!$AL$2:$AL$1471,Analysis!$E$3,Data!$H$2:$H$1471,Analysis!$F$3,Data!$AQ$2:$AQ$1471,">="&Analysis!$G$3,Data!$AQ$2:$AQ$1471,"<="&Analysis!$H$3,Data!$AL$2:$AL$1471,"Full-time") -> 0 | D158: =COUNTIFS(Data!$E$2:$E$1471,Analysis!$C$3,Data!$AL$2:$AL$1471,Analysis!$E$3,Data!$H$2:$H$1471,Analysis!$F$3,Data!$AQ$2:$AQ$1471,">="&Analysis!$G$3,Data!$AQ$2:$AQ$1471,"<="&Analysis!$H$3,Data!$AL$2:$AL$1471,"Full-time",Data!$C$2:$C$1471,"Yes") -> 0 | E158: =IFERROR(D158/C158,0) -> 0
B160: Average salary
B161: Group | C161: Average salary (USD)
B162: Employees who stayed | C162: =IFERROR(AVERAGEIFS(Data!$Z$2:$Z$1471,Data!$E$2:$E$1471,Analysis!$C$3,Data!$AL$2:$AL$1471,Analysis!$E$3,Data!$H$2:$H$1471,Analysis!$F$3,Data!$AQ$2:$AQ$1471,">="&Analysis!$G$3,Data!$AQ$2:$AQ$1471,"<="&Analysis!$H$3,Data!$C$2:$C$1471,"No"),0) -> 0
B163: Employees who left | C163: =IFERROR(AVERAGEIFS(Data!$Z$2:$Z$1471,Data!$E$2:$E$1471,Analysis!$C$3,Data!$AL$2:$AL$1471,Analysis!$E$3,Data!$H$2:$H$1471,Analysis!$F$3,Data!$AQ$2:$AQ$1471,">="&Analysis!$G$3,Data!$AQ$2:$AQ$1471,"<="&Analysis!$H$3,Data!$C$2:$C$1471,"Yes"),0) -> 0

Sheet Data
A1: ID_employe | B1: Age | C1: Attrition | D1: BusinessTravel | E1: Department | F1: Education | G1: EnvironmentSatisfaction | H1: Gender | I1: JobInvolvement | J1: Job Role | K1: JobSatisfaction | L1: PerformanceRating | M1: WorkLifeBalance | N1: MaritalStatus | O1: StockOption | P1: OverTime | Q1: PercentSalaryHike | R1: NumCompaniesWorked | S1: TotalWorkingYears | T1: YearsSinceLastPromotion | U1: YearsWithCurrManager | V1: DistanceFromHome | W1: HourlyRate | X1: DailyRate | Y1: MonthlyRate | Z1: Salary | AA1: TrainingTimesLastYear | AB1: DateToday | AC1: DateBirth | AD1: DateStart | AE1: DateDeparture | AF1: YearsAtCompany | AG1: AgeGroup | AH1: TerminationType | AI1: AgeHire | AJ1: HireType | AK1: YearsAtCompany Group | AL1: EmploymentType | AM1: HireQuarter | AN1: HireMonth | AO1: LeaveQuarter | AP1: LeaveMonth | AQ1: HireYear
A2: 1522 | B2: 37 | C2: Yes | D2: Travel_Rarely | E2: Research & Development | F2: Master | G2: Low | H2: Male | I2: Medium | J2: Research Scientist | K2: Low | L2: Excellent | M2: Bad | N2: Single | P2: No | Q2: 13 | R2: 6 | S2: 11 | T2: 0 | U2: 7 | V2: 1 | W2: 100 | X2: 224 | Y2: 7568 | Z2: 2362 | AA2: 2 | AB2: 44773 | AC2: 30826 | AD2: 37136 | AE2: 40205 | AF2: 8 | AG2: 3_Between 30 and 40 | AH2: 1 | AI2: 29 | AJ2: 1 | AK2: 4_Between 5-10 years | AL2: Full-time | AM2: =ROUNDUP(MONTH(AD2)/3,0) -> 3 | AN2: =MONTH(AD2) -> 9 | AO2: =IF(C2="Yes",ROUNDUP(MONTH(AE2)/3,0),"") -> 1 | AP2: =IF(C2="Yes",MONTH(AE2),"") -> 1 | AQ2: =YEAR(AD2) -> 2001
A3: 1101 | B3: 42 | C3: Yes | D3: Travel_Frequently | E3: Research & Development | F3: Master | G3: Low | H3: Female | I3: Medium | J3: Research Scientist | K3: High | L3: Outstanding | M3: Better | N3: Single | P3: No | Q3: 22 | R3: 1 | S3: 14 | T3: 3 | U3: 8 | V3: 29 | W3: 54 | X3: 827 | Y3: 3129 | Z3: 4508 | AA3: 4 | AB3: 44773 | AC3: 29226 | AD3: 35808 | AE3: 40294 | AF3: 12 | AG3: 4_Between 40 and 50 | AH3: 1 | AI3: 30 | AJ3: 1 | AK3: 5_Between 10-15 years | AL3: Full-time | AM3: =ROUNDUP(MONTH(AD3)/3,0) -> 1 | AN3: =MONTH(AD3) -> 1 | AO3: =IF(C3="Yes",ROUNDUP(MONTH(AE3)/3,0),"") -> 2 | AP3: =IF(C3="Yes",MONTH(AE3),"") -> 4 | AQ3: =YEAR(AD3) -> 1998
A4: 1299 | B4: 29 | C4: Yes | D4: Travel_Rarely | E4: Research & Development | F4: Bachelor | G4: Medium | H4: Female | I4: High | J4: Laboratory Technician | K4: High | L4: Excellent | M4: Better | N4: Divorced | O4: Mid | P4: Yes | Q4: 13 | R4: 3 | S4: 10 | T4: 7 | U4: 7 | V4: 7 | W4: 39 | X4: 806 | Y4: 17285 | Z4: 3339 | AA4: 2 | AB4: 44773 | AC4: 34281 | AD4: 39917 | AE4: 42304 | AF4: 7 | AG4: 2_Between 20 and 30 | AH4: 2 | AI4: 22 | AJ4: 1 | AK4: 4_Between 5-10 years | AL4: Contractor | AM4: =ROUNDUP(MONTH(AD4)/3,0) -> 2 | AN4: =MONTH(AD4) -> 4 | AO4: =IF(C4="Yes",ROUNDUP(MONTH(AE4)/3,0),"") -> 4 | AP4: =IF(C4="Yes",MONTH(AE4),"") -> 10 | AQ4: =YEAR(AD4) -> 2009
A5: 1457 | B5: 46 | C5: Yes | D5: Travel_Rarely | E5: Sales | F5: Bachelor | G5: Low | H5: Male | I5: High | J5: Sales Executive | K5: Very High | L5: Good | M5: Best | N5: Divorced | O5: Low | P5: No | Q5: 11 | R5: 4 | S5: 28 | T5: 4 | U5: 3 | V5: 9 | W5: 52 | X5: 377 | Y5: 15986 | Z5: 10096 | AA5: 1 | AB5: 44773 | AC5: 28009 | AD5: 40018 | AE5: 42487 | AF5: 7 | AG5: 4_Between 40 and 50 | AH5: 1 | AI5: 39 | AJ5: 1 | AK5: 4_Between 5-10 years | AL5: Full-time | AM5: =ROUNDUP(MONTH(AD5)/3,0) -> 3 | AN5: =MONTH(AD5) -> 7 | AO5: =IF(C5="Yes",ROUNDUP(MONTH(AE5)/3,0),"") -> 2 | AP5: =IF(C5="Yes",MONTH(AE5),"") -> 4 | AQ5: =YEAR(AD5) -> 2009
A6: 1807 | B6: 34 | C6: Yes | D6: Travel_Frequently | E6: Research & Development | F6: Master | G6: Very High | H6: Male | I6: High | J6: Laboratory Technician | K6: Low | L6: Low | M6: Good | N6: Married | O6: Low | P6: No | Q6: 17 | R6: 4 | S6: 11 | T6: 0 | U6: 6 | V6: 9 | W6: 93 | X6: 234 | Y6: 6208 | Z6: 5346 | AA6: 3 | AB6: 44773 | AC6: 32374 | AD6: 40283 | AE6: 42505 | AF6: 6 | AG6: 3_Between 30 and 40 | AH6: 2 | AI6: 28 | AJ6: 1 | AK6: 4_Between 5-10 years | AL6: Full-time | AM6: =ROUNDUP(MONTH(AD6)/3,0) -> 2 | AN6: =MONTH(AD6) -> 4 | AO6: =IF(C6="Yes",ROUNDUP(MONTH(AE6)/3,0),"") -> 2 | AP6: =IF(C6="Yes",MONTH(AE6),"") -> 5 | AQ6: =YEAR(AD6) -> 2010
A7: 299 | B7: 30 | C7: Yes | D7: Travel_Frequently | E7: Sales | F7: Master | G7: High | H7: Female | I7: Medium | J7: Sales Executive | K7: Low | L7: Excellent | M7: Good | N7: Single | P7: No | Q7: 15 | R7: 5 | S7: 9 | T7: 0 | U7: 1 | V7: 26 | W7: 52 | X7: 334 | Y7: 22967 | Z7: 6696 | AA7: 5 | AB7: 44773 | AC7: 33857 | AD7: 40598 | AE7: 42698 | AF7: 6 | AG7: 3_Between 30 and 40 | AH7: 2 | AI7: 24 | AJ7: 1 | AK7: 4_Between 5-10 years | AL7: Full-time | AM7: =ROUNDUP(MONTH(AD7)/3,0) -> 1 | AN7: =MONTH(AD7) -> 2 | AO7: =IF(C7="Yes",ROUNDUP(MONTH(AE7)/3,0),"") -> 4 | AP7: =IF(C7="Yes",MONTH(AE7),"") -> 11 | AQ7: =YEAR(AD7) -> 2011
A8: 300 | B8: 29 | C8: Yes | D8: Travel_Rarely | E8: Research & Development | F8: Bachelor | G8: High | H8: Male | I8: High | J8: Research Scientist | K8: High | L8: Excellent | M8: Good | N8: Single | P8: No | Q8: 14 | R8: 0 | S8: 7 | T8: 1 | U8: 5 | V8: 1 | W8: 85 | X8: 992 | Y8: 19757 | Z8: 2058 | AA8: 1 | AB8: 44773 | AC8: 34527 | AD8: 40588 | AE8: 42712 | AF8: 6 | AG8: 2_Between 20 and 30 | AH8: 1 | AI8: 23 | AJ8: 1 | AK8: 4_Between 5-10 years | AL8: Full-time | AM8: =ROUNDUP(MONTH(AD8)/3,0) -> 1 | AN8: =MONTH(AD8) -> 2 | AO8: =IF(C8="Yes",ROUNDUP(MONTH(AE8)/3,0),"") -> 4 | AP8: =IF(C8="Yes",MONTH(AE8),"") -> 12 | AQ8: =YEAR(AD8) -> 2011
A9: 1200 | B9: 44 | C9: Yes | D9: Travel_Rarely | E9: Research & Development | F9: Master | G9: High | H9: Male | I9: High | J9: Research Scientist | K9: High | L9: Low | M9: Better | N9: Single | P9: Yes | Q9: 11 | R9: 1 | S9: 6 | T9: 0 | U9: 2 | V9: 10 | W9: 96 | X9: 1097 | Y9: 10826 | Z9: 2936 | AA9: 4 | AB9: 44773 | AC9: 28761 | AD9: 40710 | AE9: 42730 | AF9: 6 | AG9: 4_Between 40 and 50 | AH9: 1 | AI9: 38 | AJ9: 1 | AK9: 4_Between 5-10 years | AL9: Full-time | AM9: =ROUNDUP(MONTH(AD9)/3,0) -> 2 | AN9: =MONTH(AD9) -> 6 | AO9: =IF(C9="Yes",ROUNDUP(MONTH(AE9)/3,0),"") -> 4 | AP9: =IF(C9="Yes",MONTH(AE9),"") -> 12 | AQ9: =YEAR(AD9) -> 2011
A10: 1295 | B10: 44 | C10: Yes | D10: Travel_Rarely | E10: Research & Development | F10: Bachelor | G10: Low | H10: Female | I10: High | J10: Healthcare Representative | K10: Very High | L10: Good | M10: Better | N10: Married | O10: Low | P10: No | Q10: 11 | R10: 1 | S10: 10 | T10: 0 | U10: 5 | V10: 15 | W10: 73 | X10: 621 | Y10: 14075 | Z10: 7978 | AA10: 2 | AB10: 44773 | AC10: 28757 | AD10: 39422 | AE10: 42737 | AF10: 9 | AG10: 4_Between 40 and 50 | AH10: 1 | AI10: 35 | AJ10: 1 | AK10: 4_Between 5-10 years | AL10: Full-time | AM10: =ROUNDUP(MONTH(AD10)/3,0) -> 4 | AN10: =MONTH(AD10) -> 12 | AO10: =IF(C10="Yes",ROUNDUP(MONTH(AE10)/3,0),"") -> 1 | AP10: =IF(C10="Yes",MONTH(AE10),"") -> 1 | AQ10: =YEAR(AD10) -> 2007
A11: 647 | B11: 33 | C11: Yes | D11: Travel_Frequently | E11: Research & Development | F11: Bachelor | G11: Low | H11: Female | I11: High | J11: Laboratory Technician | K11: High | L11: Excellent | M11: Better | N11: Married | O11: Low | P11: Yes | Q11: 16 | R11: 1 | S11: 6 | T11: 1 | U11: 2 | V11: 7 | W11: 55 | X11: 1287 | Y11: 14168 | Z11: 2886 | AA11: 4 | AB11: 44773 | AC11: 32424 | AD11: 40872 | AE11: 42760 | AF11: 5 | AG11: 3_Between 30 and 40 | AH11: 1 | AI11: 28 | AJ11: 1 | AK11: 3_Between 3-5 years | AL11: Full-time | AM11: =ROUNDUP(MONTH(AD11)/3,0) -> 4 | AN11: =MONTH(AD11) -> 11 | AO11: =IF(C11="Yes",ROUNDUP(MONTH(AE11)/3,0),"") -> 1 | AP11: =IF(C11="Yes",MONTH(AE11),"") -> 1 | AQ11: =YEAR(AD11) -> 2011
A12: 401 | B12: 35 | C12: Yes | D12: Travel_Rarely | E12: Sales | F12: Master | G12: Very High | H12: Male | I12: Medium | J12: Sales Executive | K12: Very High | L12: Excellent | M12: Better | N12: Single | P12: Yes | Q12: 12 | R12: 1 | S12: 8 | T12: 7 | U12: 4 | V12: 4 | W12: 48 | X12: 950 | Y12: 8450 | Z12: 5828 | AA12: 0 | AB12: 44773 | AC12: 31859 | AD12: 40219 | AE12: 42787 | AF12: 7 | AG12: 3_Between 30 and 40 | AH12: 1 | AI12: 28 | AJ12: 1 | AK12: 4_Between 5-10 years | AL12: Full-time | AM12: =ROUNDUP(MONTH(AD12)/3,0) -> 1 | AN12: =MONTH(AD12) -> 2 | AO12: =IF(C12="Yes",ROUNDUP(MONTH(AE12)/3,0),"") -> 1 | AP12: =IF(C12="Yes",MONTH(AE12),"") -> 2 | AQ12: =YEAR(AD12) -> 2010
A13: 190 | B13: 32 | C13: Yes | D13: Travel_Rarely | E13: Research & Development | F13: Bachelor | G13: Low | H13: Female | I13: High | J13: Laboratory Technician | K13: Low | L13: Good | M13: Best | N13: Single | P13: No | Q13: 22 | R13: 7 | S13: 10 | T13: 0 | U13: 4 | V13: 9 | W13: 41 | X13: 1033 | Y13: 10224 | Z13: 4200 | AA13: 2 | AB13: 44773 | AC13: 33133 | AD13: 41302 | AE13: 42944 | AF13: 4 | AG13: 3_Between 30 and 40 | AH13: 2 | AI13: 28 | AJ13: 1 | AK13: 3_Between 3-5 years | AL13: Full-time | AM13: =ROUNDUP(MONTH(AD13)/3,0) -> 1 | AN13: =MONTH(AD13) -> 1 | AO13: =IF(C13="Yes",ROUNDUP(MONTH(AE13)/3,0),"") -> 3 | AP13: =IF(C13="Yes",MONTH(AE13),"") -> 7 | AQ13: =YEAR(AD13) -> 2013
A14: 325 | B14: 33 | C14: Yes | D14: Travel_Rarely | E14: Research & Development | F14: Bachelor | G14: High | H14: Male | I14: High | J14: Laboratory Technician | K14: Very High | L14: Excellent | M14: Bad | N14: Married | O14: Low | P14: Yes | Q14: 13 | R14: 5 | S14: 8 | T14: 0 | U14: 4 | V14: 14 | W14: 58 | X14: 813 | Y14: 22149 | Z14: 2436 | AA14: 2 | AB14: 44773 | AC14: 32876 | AD14: 41472 | AE14: 42958 | AF14: 4 | AG14: 3_Between 30 and 40 | AH14: 1 | AI14: 29 | AJ14: 1 | AK14: 3_Between 3-5 years | AL14: Contractor | AM14: =ROUNDUP(MONTH(AD14)/3,0) -> 3 | AN14: =MONTH(AD14) -> 7 | AO14: =IF(C14="Yes",ROUNDUP(MONTH(AE14)/3,0),"") -> 3 | AP14: =IF(C14="Yes",MONTH(AE14),"") -> 8 | AQ14: =YEAR(AD14) -> 2013
A15: 1310 | B15: 39 | C15: Yes | D15: Travel_Rarely | E15: Research & Development | F15: Bachelor | G15: High | H15: Male | I15: High | J15: Research Scientist | K15: Low | L15: Excellent | M15: Better | N15: Single | P15: No | Q15: 13 | R15: 0 | S15: 6 | T15: 0 | U15: 3 | V15: 23 | W15: 93 | X15: 360 | Y15: 22154 | Z15: 3904 | AA15: 2 | AB15: 44773 | AC15: 30731 | AD15: 41393 | AE15: 42962 | AF15: 4 | AG15: 3_Between 30 and 40 | AH15: 1 | AI15: 35 | AJ15: 1 | AK15: 3_Between 3-5 years | AL15: Full-time | AM15: =ROUNDUP(MONTH(AD15)/3,0) -> 2 | AN15: =MONTH(AD15) -> 4 | AO15: =IF(C15="Yes",ROUNDUP(MONTH(AE15)/3,0),"") -> 3 | AP15: =IF(C15="Yes",MONTH(AE15),"") -> 8 | AQ15: =YEAR(AD15) -> 2013
A16: 1004 | B16: 30 | C16: Yes | D16: Travel_Rarely | E16: Research & Development | F16: Bachelor | G16: Low | H16: Female | I16: High | J16: Research Scientist | K16: High | L16: Excellent | M16: Better | N16: Married | P16: Yes | Q16: 11 | R16: 4 | S16: 7 | T16: 0 | U16: 1 | V16: 22 | W16: 48 | X16: 138 | Y16: 11539 | Z16: 2132 | AA16: 2 | AB16: 44773 | AC16: 34168 | AD16: 41367 | AE16: 42967 | AF16: 4 | AG16: 3_Between 30 and 40 | AH16: 1 | AI16: 26 | AJ16: 1 | AK16: 3_Between 3-5 years | AL16: Full-time | AM16: =ROUNDUP(MONTH(AD16)/3,0) -> 2 | AN16: =MONTH(AD16) -> 4 | AO16: =IF(C16="Yes",ROUNDUP(MONTH(AE16)/3,0),"") -> 3 | AP16: =IF(C16="Yes",MONTH(AE16),"") -> 8 | AQ16: =YEAR(AD16) -> 2013
A17: 147 | B17: 34 | C17: Yes | D17: Travel_Frequently | E17: Research & Development | F17: Bachelor | G17: Low | H17: Male | I17: Low | J17: Laboratory Technician | K17: High | L17: Outstanding | M17: Better | N17: Single | P17: Yes | Q17: 24 | R17: 1 | S17: 9 | T17: 0 | U17: 6 | V17: 7 | W17: 66 | X17: 658 | Y17: 22887 | Z17: 6074 | AA17: 3 | AB17: 44773 | AC17: 32474 | AD17: 40033 | AE17: 42968 | AF17: 8 | AG17: 3_Between 30 and 40 | AH17: 2 | AI17: 26 | AJ17: 1 | AK17: 4_Between 5-10 years | AL17: Full-time | AM17: =ROUNDUP(MONTH(AD17)/3,0) -> 3 | AN17: =MONTH(AD17) -> 8 | AO17: =IF(C17="Yes",ROUNDUP(MONTH(AE17)/3,0),"") -> 3 | AP17: =IF(C17="Yes",MONTH(AE17),"") -> 8 | AQ17: =YEAR(AD17) -> 2009
A18: 1042 | B18: 36 | C18: Yes | D18: Travel_Rarely | E18: Research & Development | F18: Master | G18: High | H18: Female | I18: Very High | J18: Laboratory Technician | K18: Low | L18: Excellent | M18: Better | N18: Single | P18: No | Q18: 16 | R18: 1 | S18: 18 | T18: 15 | U18: 14 | V18: 16 | W18: 43 | X18: 885 | Y18: 8269 | Z18: 2743 | AA18: 1 | AB18: 44773 | AC18: 31893 | AD18: 36863 | AE18: 42987 | AF18: 17 | AG18: 3_Between 30 and 40 | AH18: 1 | AI18: 19 | AJ18: 1 | AK18: 7_15+ years | AL18: Full-time | AM18: =ROUNDUP(MONTH(AD18)/3,0) -> 4 | AN18: =MONTH(AD18) -> 12 | AO18: =IF(C18="Yes",ROUNDUP(MONTH(AE18)/3,0),"") -> 3 | AP18: =IF(C18="Yes",MONTH(AE18),"") -> 9 | AQ18: =YEAR(AD18) -> 2000
A19: 502 | B19: 34 | C19: Yes | D19: Non-Travel | E19: Sales | F19: Bachelor | G19: Low | H19: Male | I19: Very High | J19: Sales Executive | K19: Very High | L19: Excellent | M19: Good | N19: Single | P19: Yes | Q19: 13 | R19: 8 | S19: 9 | T19: 0 | U19: 4 | V19: 19 | W19: 67 | X19: 1362 | Y19: 4652 | Z19: 5304 | AA19: 3 | AB19: 44773 | AC19: 32391 | AD19: 41437 | AE19: 43000 | AF19: 4 | AG19: 3_Between 30 and 40 | AH19: 1 | AI19: 30 | AJ19: 1 | AK19: 3_Between 3-5 years | AL19: Full-time | AM19: =ROUNDUP(MONTH(AD19)/3,0) -> 2 | AN19: =MONTH(AD19) -> 6 | AO19: =IF(C19="Yes",ROUNDUP(MONTH(AE19)/3,0),"") -> 3 | AP19: =IF(C19="Yes",MONTH(AE19),"") -> 9 | AQ19: =YEAR(AD19) -> 2013
A20: 967 | B20: 36 | C20: Yes | D20: Travel_Rarely | E20: Sales | F20: Below College | G20: High | H20: Male | I20: Medium | J20: Sales Executive | K20: Very High | L20: Excellent | M20: Better | N20: Married | O20: Low | P20: Yes | Q20: 11 | R20: 1 | S20: 16 | T20: 3 | U20: 7 | V20: 3 | W20: 51 | X20: 530 | Y20: 5518 | Z20: 10325 | AA20: 6 | AB20: 44773 | AC20: 31912 | AD20: 37376 | AE20: 43001 | AF20: 15 | AG20: 3_Between 30 and 40 | AH20: 1 | AI20: 21 | AJ20: 1 | AK20: 7_15+ years | AL20: Contractor | AM20: =ROUNDUP(MONTH(AD20)/3,0) -> 2 | AN20: =MONTH(AD20) -> 4 | AO20: =IF(C20="Yes",ROUNDUP(MONTH(AE20)/3,0),"") -> 3 | AP20: =IF(C20="Yes",MONTH(AE20),"") -> 9 | AQ20: =YEAR(AD20) -> 2002
A21: 1157 | B21: 33 | C21: Yes | D21: Travel_Rarely | E21: Sales | F21: Master | G21: Low | H21: Female | I21: High | J21: Sales Executive | K21: Low | L21: Good | M21: Better | N21: Single | P21: Yes | Q21: 17 | R21: 0 | S21: 6 | T21: 0 | U21: 3 | V21: 9 | W21: 77 | X21: 603 | Y21: 18385 | Z21: 8224 | AA21: 3 | AB21: 44773 | AC21: 33003 | AD21: 41331 | AE21: 43019 | AF21: 5 | AG21: 3_Between 30 and 40 | AH21: 1 | AI21: 28 | AJ21: 1 | AK21: 3_Between 3-5 years | AL21: Full-time | AM21: =ROUNDUP(MONTH(AD21)/3,0) -> 1 | AN21: =MONTH(AD21) -> 2 | AO21: =IF(C21="Yes",ROUNDUP(MONTH(AE21)/3,0),"") -> 4 | AP21: =IF(C21="Yes",MONTH(AE21),"") -> 10 | AQ21: =YEAR(AD21) -> 2013
A22: 1573 | B22: 38 | C22: Yes | D22: Travel_Rarely | E22: Research & Development | F22: Bachelor | G22: High | H22: Male | I22: High | J22: Manufacturing Director | K22: Medium | L22: Good | M22: Better | N22: Married | O22: Mid | P22: No | Q22: 11 | R22: 4 | S22: 7 | T22: 1 | U22: 4 | V22: 2 | W22: 81 | X22: 903 | Y22: 7653 | Z22: 4855 | AA22: 2 | AB22: 44773 | AC22: 30949 | AD22: 41469 | AE22: 43036 | AF22: 4 | AG22: 3_Between 30 and 40 | AH22: 2 | AI22: 34 | AJ22: 1 | AK22: 3_Between 3-5 years | AL22: Full-time | AM22: =ROUNDUP(MONTH(AD22)/3,0) -> 3 | AN22: =MONTH(AD22) -> 7 | AO22: =IF(C22="Yes",ROUNDUP(MONTH(AE22)/3,0),"") -> 4 | AP22: =IF(C22="Yes",MONTH(AE22),"") -> 10 | AQ22: =YEAR(AD22) -> 2013
A23: 554 | B23: 24 | C23: Yes | D23: Travel_Rarely | E23: Sales | F23: Below College | G23: Low | H23: Female | I23: High | J23: Sales Representative | K23: Medium | L23: Excellent | M23: Better | N23: Single | P23: Yes | Q23: 16 | R23: 1 | S23: 6 | T23: 1 | U23: 4 | V23: 1 | W23: 62 | X23: 1448 | Y23: 21972 | Z23: 3202 | AA23: 4 | AB23: 44773 | AC23: 36193 | AD23: 41493 | AE23: 43047 | AF23: 4 | AG23: 2_Between 20 and 30 | AH23: 1 | AI23: 20 | AJ23: 1 | AK23: 3_Between 3-5 years | AL23: Full-time | AM23: =ROUNDUP(MONTH(AD23)/3,0) -> 3 | AN23: =MONTH(AD23) -> 8 | AO23: =IF(C23="Yes",ROUNDUP(MONTH(AE23)/3,0),"") -> 4 | AP23: =IF(C23="Yes",MONTH(AE23),"") -> 11 | AQ23: =YEAR(AD23) -> 2013
A24: 161 | B24: 56 | C24: Yes | D24: Travel_Rarely | E24: Research & Development | F24: Master | G24: Medium | H24: Female | I24: High | J24: Research Scientist | K24: Medium | L24: Excellent | M24: Better | N24: Married | O24: High | P24: Yes | Q24: 18 | R24: 9 | S24: 7 | T24: 4 | U24: 3 | V24: 14 | W24: 72 | X24: 441 | Y24: 4510 | Z24: 4963 | AA24: 2 | AB24: 44773 | AC24: 24365 | AD24: 41476 | AE24: 43049 | AF24: 4 | AG24: 5_Between 50 and 60 | AH24: 1 | AI24: 52 | AJ24: 1 | AK24: 3_Between 3-5 years | AL24: Full-time | AM24: =ROUNDUP(MONTH(AD24)/3,0) -> 3 | AN24: =MONTH(AD24) -> 7 | AO24: =IF(C24="Yes",ROUNDUP(MONTH(AE24)/3,0),"") -> 4 | AP24: =IF(C24="Yes",MONTH(AE24),"") -> 11 | AQ24: =YEAR(AD24) -> 2013
A25: 297 | B25: 30 | C25: Yes | D25: Travel_Rarely | E25: Research & Development | F25: Bachelor | G25: Very High | H25: Female | I25: High | J25: Research Scientist | K25: Low | L25: Excellent | M25: Better | N25: Single | P25: Yes | Q25: 11 | R25: 5 | S25: 8 | T25: 0 | U25: 4 | V25: 3 | W25: 88 | X25: 1005 | Y25: 8556 | Z25: 2657 | AA25: 5 | AB25: 44773 | AC25: 33952 | AD25: 41350 | AE25: 43068 | AF25: 5 | AG25: 3_Between 30 and 40 | AH25: 1 | AI25: 25 | AJ25: 2 | AK25: 3_Between 3-5 years | AL25: Full-time | AM25: =ROUNDUP(MONTH(AD25)/3,0) -> 1 | AN25: =MONTH(AD25) -> 3 | AO25: =IF(C25="Yes",ROUNDUP(MONTH(AE25)/3,0),"") -> 4 | AP25: =IF(C25="Yes",MONTH(AE25),"") -> 11 | AQ25: =YEAR(AD25) -> 2013
A26: 1905 | B26: 34 | C26: Yes | D26: Non-Travel | E26: Research & Development | F26: Master | G26: Very High | H26: Male | I26: Low | J26: Research Scientist | K26: Low | L26: Outstanding | M26: Better | N26: Married | O26: Low | P26: Yes | Q26: 23 | R26: 1 | S26: 5 | T26: 3 | U26: 0 | V26: 16 | W26: 85 | X26: 967 | Y26: 14460 | Z26: 2307 | AA26: 2 | AB26: 44773 | AC26: 32420 | AD26: 41417 | AE26: 43083 | AF26: 5 | AG26: 3_Between 30 and 40 | AH26: 1 | AI26: 29 | AJ26: 2 | AK26: 3_Between 3-5 years | AL26: Full-time | AM26: =ROUNDUP(MONTH(AD26)/3,0) -> 2 | AN26: =MONTH(AD26) -> 5 | AO26: =IF(C26="Yes",ROUNDUP(MONTH(AE26)/3,0),"") -> 4 | AP26: =IF(C26="Yes",MONTH(AE26),"") -> 12 | AQ26: =YEAR(AD26) -> 2013
A27: 1489 | B27: 34 | C27: Yes | D27: Travel_Rarely | E27: Sales | F27: Master | G27: Low | H27: Female | I27: Medium | J27: Sales Executive | K27: Medium | L27: Outstanding | M27: Best | N27: Single | P27: Yes | Q27: 23 | R27: 0 | S27: 16 | T27: 10 | U27: 10 | V27: 24 | W27: 40 | X27: 790 | Y27: 7815 | Z27: 4599 | AA27: 2 | AB27: 44773 | AC27: 32384 | AD27: 37945 | AE27: 43098 | AF27: 14 | AG27: 3_Between 30 and 40 | AH27: 1 | AI27: 20 | AJ27: 1 | AK27: 5_Between 10-15 years | AL27: Full-time | AM27: =ROUNDUP(MONTH(AD27)/3,0) -> 4 | AN27: =MONTH(AD27) -> 11 | AO27: =IF(C27="Yes",ROUNDUP(MONTH(AE27)/3,0),"") -> 4 | AP27: =IF(C27="Yes",MONTH(AE27),"") -> 12 | AQ27: =YEAR(AD27) -> 2003
A28: 785 | B28: 47 | C28: Yes | D28: Travel_Frequently | E28: Sales | F28: College | G28: Medium | H28: Female | I28: Very High | J28: Sales Executive | K28: High | L28: Excellent | M28: Better | N28: Single | P28: Yes | Q28: 12 | R28: 4 | S28: 8 | T28: 1 | U28: 3 | V28: 27 | W28: 77 | X28: 719 | Y28: 10339 | Z28: 6397 | AA28: 2 | AB28: 44773 | AC28: 27941 | AD28: 41493 | AE28: 43122 | AF28: 4 | AG28: 4_Between 40 and 50 | AH28: 1 | AI28: 43 | AJ28: 1 | AK28: 3_Between 3-5 years | AL28: Contractor | AM28: =ROUNDUP(MONTH(AD28)/3,0) -> 3 | AN28: =MONTH(AD28) -> 8 | AO28: =IF(C28="Yes",ROUNDUP(MONTH(AE28)/3,0),"") -> 1 | AP28: =IF(C28="Yes",MONTH(AE28),"") -> 1 | AQ28: =YEAR(AD28) -> 2013
A29: 1389 | B29: 31 | C29: Yes | D29: Travel_Rarely | E29: Research & Development | F29: Master | G29: Very High | H29: Male | I29: High | J29: Manufacturing Director | K29: High | L29: Good | M29: Good | N29: Married | O29: Mid | P29: Yes | Q29: 15 | R29: 1 | S29: 10 | T29: 6 | U29: 7 | V29: 22 | W29: 98 | X29: 330 | Y29: 21057 | Z29: 6179 | AA29: 3 | AB29: 44773 | AC29: 33767 | AD29: 39510 | AE29: 43124 | AF29: 10 | AG29: 3_Between 30 and 40 | AH29: 1 | AI29: 21 | AJ29: 1 | AK29: 5_Between 10-15 years | AL29: Full-time | AM29: =ROUNDUP(MONTH(AD29)/3,0) -> 1 | AN29: =MONTH(AD29) -> 3 | AO29: =IF(C29="Yes",ROUNDUP(MONTH(AE29)/3,0),"") -> 1 | AP29: =IF(C29="Yes",MONTH(AE29),"") -> 1 | AQ29: =YEAR(AD29) -> 2008
A30: 1318 | B30: 40 | C30: Yes | D30: Travel_Rarely | E30: Sales | F30: Master | G30: Very High | H30: Male | I30: Medium | J30: Sales Executive | K30: Medium | L30: Good | M30: Better | N30: Single | P30: Yes | Q30: 12 | R30: 2 | S30: 9 | T30: 1 | U30: 0 | V30: 25 | W30: 57 | X30: 299 | Y30: 17235 | Z30: 9094 | AA30: 2 | AB30: 44773 | AC30: 30201 | AD30: 41485 | AE30: 43139 | AF30: 5 | AG30: 4_Between 40 and 50 | AH30: 2 | AI30: 35 | AJ30: 2 | AK30: 3_Between 3-5 years | AL30: Full-time | AM30: =ROUNDUP(MONTH(AD30)/3,0) -> 3 | AN30: =MONTH(AD30) -> 7 | AO30: =IF(C30="Yes",ROUNDUP(MONTH(AE30)/3,0),"") -> 1 | AP30: =IF(C30="Yes",MONTH(AE30),"") -> 2 | AQ30: =YEAR(AD30) -> 2013
A31: 1684 | B31: 23 | C31: Yes | D31: Travel_Rarely | E31: Research & Development | F31: Below College | G31: Very High | H31: Male | I31: Medium | J31: Laboratory Technician | K31: High | L31: Excellent | M31: Better | N31: Single | P31: Yes | Q31: 11 | R31: 1 | S31: 5 | T31: 1 | U31: 2 | V31: 8 | W31: 93 | X31: 1320 | Y31: 20586 | Z31: 3989 | AA31: 2 | AB31: 44773 | AC31: 36441 | AD31: 41614 | AE31: 43139 | AF31: 4 | AG31: 2_Between 20 and 30 | AH31: 2 | AI31: 19 | AJ31: 1 | AK31: 3_Between 3-5 years | AL31: Full-time | AM31: =ROUNDUP(MONTH(AD31)/3,0) -> 4 | AN31: =MONTH(AD31) -> 12 | AO31: =IF(C31="Yes",ROUNDUP(MONTH(AE31)/3,0),"") -> 1 | AP31: =IF(C31="Yes",MONTH(AE31),"") -> 2 | AQ31: =YEAR(AD31) -> 2013
A32: 1487 | B32: 29 | C32: Yes | D32: Travel_Frequently | E32: Sales | F32: Bachelor | G32: Low | H32: Female | I32: High | J32: Sales Executive | K32: Medium | L32: Excellent | M32: Bad | N32: Single | P32: No | Q32: 11 | R32: 5 | S32: 7 | T32: 0 | U32: 0 | V32: 13 | W32: 51 | X32: 115 | Y32: 17485 | Z32: 5765 | AA32: 4 | AB32: 44773 | AC32: 34456 | AD32: 41430 | AE32: 43139 | AF32: 5 | AG32: 2_Between 20 and 30 | AH32: 1 | AI32: 24 | AJ32: 1 | AK32: 3_Between 3-5 years | AL32: Full-time | AM32: =ROUNDUP(MONTH(AD32)/3,0) -> 2 | AN32: =MONTH(AD32) -> 6 | AO32: =IF(C32="Yes",ROUNDUP(MONTH(AE32)/3,0),"") -> 1 | AP32: =IF(C32="Yes",MONTH(AE32),"") -> 2 | AQ32: =YEAR(AD32) -> 2013
A33: 27 | B33: 36 | C33: Yes | D33: Travel_Rarely | E33: Sales | F33: Master | G33: High | H33: Male | I33: Medium | J33: Sales Representative | K33: Low | L33: Outstanding | M33: Better | N33: Single | P33: No | Q33: 23 | R33: 7 | S33: 10 | T33: 0 | U33: 3 | V33: 9 | W33: 82 | X33: 1218 | Y33: 6986 | Z33: 3407 | AA33: 4 | AB33: 44773 | AC33: 31780 | AD33: 41506 | AE33: 43150 | AF33: 5 | AG33: 3_Between 30 and 40 | AH33: 1 | AI33: 31 | AJ33: 1 | AK33: 3_Between 3-5 years | AL33: Full-time | AM33: =ROUNDUP(MONTH(AD33)/3,0) -> 3 | AN33: =MONTH(AD33) -> 8 | AO33: =IF(C33="Yes",ROUNDUP(MONTH(AE33)/3,0),"") -> 1 | AP33: =IF(C33="Yes",MONTH(AE33),"") -> 2 | AQ33: =YEAR(AD33) -> 2013
A34: 1818 | B34: 26 | C34: Yes | D34: Travel_Rarely | E34: Human Resources | F34: College | G34: Very High | H34: Female | I34: High | J34: Human Resources | K34: Medium | L34: Low | M34: Better | N34: Married | P34: Yes | Q34: 11 | R34: 0 | S34: 6 | T34: 1 | U34: 4 | V34: 20 | W34: 69 | X34: 920 | Y34: 6889 | Z34: 2148 | AA34: 3 | AB34: 44773 | AC34: 35635 | AD34: 41649 | AE34: 43190 | AF34: 4 | AG34: 2_Between 20 and 30 | AH34: 2 | AI34: 22 | AJ34: 1 | AK34: 3_Between 3-5 years | AL34: Full-time | AM34: =ROUNDUP(MONTH(AD34)/3,0) -> 1 | AN34: =MONTH(AD34) -> 1 | AO34: =IF(C34="Yes",ROUNDUP(MONTH(AE34)/3,0),"") -> 1 | AP34: =IF(C34="Yes",MONTH(AE34),"") -> 3 | AQ34: =YEAR(AD34) -> 2014
A35: 1809 | B35: 37 | C35: Yes | D35: Travel_Rarely | E35: Research & Development | F35: Master | G35: Very High | H35: Male | I35: High | J35: Manufacturing Director | K35: Low | L35: Excellent | M35: Bad | N35: Single | P35: No | Q35: 15 | R35: 1 | S35: 10 | T35: 0 | U35: 8 | V35: 10 | W35: 58 | X35: 370 | Y35: 4992 | Z35: 4213 | AA35: 4 | AB35: 44773 | AC35: 31479 | AD35: 39598 | AE35: 43190 | AF35: 10 | AG35: 3_Between 30 and 40 | AH35: 1 | AI35: 27 | AJ35: 1 | AK35: 5_Between 10-15 years | AL35: Full-time | AM35: =ROUNDUP(MONTH(AD35)/3,0) -> 2 | AN35: =MONTH(AD35) -> 5 | AO35: =IF(C35="Yes",ROUNDUP(MONTH(AE35)/3,0),"") -> 1 | AP35: =IF(C35="Yes",MONTH(AE35),"") -> 3 | AQ35: =YEAR(AD35) -> 2008
A36: 1792 | B36: 44 | C36: Yes | D36: Travel_Frequently | E36: Research & Development | F36: College | G36: High | H36: Male | I36: High | J36: Research Scientist | K36: Medium | L36: Excellent | M36: Good | N36: Divorced | O36: High | P36: Yes | Q36: 12 | R36: 1 | S36: 6 | T36: 2 | U36: 3 | V36: 1 | W36: 99 | X36: 429 | Y36: 11092 | Z36: 2342 | AA36: 2 | AB36: 44773 | AC36: 28869 | AD36: 41664 | AE36: 43201 | AF36: 4 | AG36: 4_Between 40 and 50 | AH36: 1 | AI36: 40 | AJ36: 1 | AK36: 3_Between 3-5 years | AL36: Full-time | AM36: =ROUNDUP(MONTH(AD36)/3,0) -> 1 | AN36: =MONTH(AD36) -> 1 | AO36: =IF(C36="Yes",ROUNDUP(MONTH(AE36)/3,0),"") -> 2 | AP36: =IF(C36="Yes",MONTH(AE36),"") -> 4 | AQ36: =YEAR(AD36) -> 2014
A37: 433 | B37: 52 | C37: Yes | D37: Travel_Rarely | E37: Research & Development | F37: Master | G37: High | H37: Male | I37: Medium | J37: Research Scientist | K37: Medium | L37: Excellent | M37: Good | N37: Married | P37: No | Q37: 15 | R37: 2 | S37: 11 | T37: 7 | U37: 7 | V37: 8 | W37: 85 | X37: 723 | Y37: 17747 | Z37: 4941 | AA37: 3 | AB37: 44773 | AC37: 26011 | AD37: 40331 | AE37: 43211 | AF37: 8 | AG37: 5_Between 50 and 60 | AH37: 1 | AI37: 44 | AJ37: 1 | AK37: 4_Between 5-10 years | AL37: Contractor | AM37: =ROUNDUP(MONTH(AD37)/3,0) -> 2 | AN37: =MONTH(AD37) -> 6 | AO37: =IF(C37="Yes",ROUNDUP(MONTH(AE37)/3,0),"") -> 2 | AP37: =IF(C37="Yes",MONTH(AE37),"") -> 4 | AQ37: =YEAR(AD37) -> 2010
A38: 842 | B38: 55 | C38: Yes | D38: Travel_Rarely | E38: Sales | F38: Below College | G38: High | H38: Male | I38: High | J38: Sales Executive | K38: Very High | L38: Excellent | M38: Good | N38: Single | P38: No | Q38: 16 | R38: 4 | S38: 12 | T38: 7 | U38: 3 | V38: 2 | W38: 37 | X38: 436 | Y38: 21519 | Z38: 5160 | AA38: 3 | AB38: 44773 | AC38: 24951 | AD38: 40282 | AE38: 43232 | AF38: 8 | AG38: 5_Between 50 and 60 | AH38: 1 | AI38: 47 | AJ38: 1 | AK38: 4_Between 5-10 years | AL38: Contractor | AM38: =ROUNDUP(MONTH(AD38)/3,0) -> 2 | AN38: =MONTH(AD38) -> 4 | AO38: =IF(C38="Yes",ROUNDUP(MONTH(AE38)/3,0),"") -> 2 | AP38: =IF(C38="Yes",MONTH(AE38),"") -> 5 | AQ38: =YEAR(AD38) -> 2010
A39: 1534 | B39: 40 | C39: Yes | D39: Travel_Rarely | E39: Research & Development | F39: Master | G39: Very High | H39: Male | I39: High | J39: Laboratory Technician | K39: Low | L39: Excellent | M39: Bad | N39: Single | P39: No | Q39: 14 | R39: 3 | S39: 15 | T39: 1 | U39: 0 | V39: 9 | W39: 86 | X39: 676 | Y39: 21831 | Z39: 2018 | AA39: 3 | AB39: 44773 | AC39: 30226 | AD39: 41636 | AE39: 43233 | AF39: 4 | AG39: 4_Between 40 and 50 | AH39: 2 | AI39: 36 | AJ39: 1 | AK39: 3_Between 3-5 years | AL39: Full-time | AM39: =ROUNDUP(MONTH(AD39)/3,0) -> 4 | AN39: =MONTH(AD39) -> 12 | AO39: =IF(C39="Yes",ROUNDUP(MONTH(AE39)/3,0),"") -> 2 | AP39: =IF(C39="Yes",MONTH(AE39),"") -> 5 | AQ39: =YEAR(AD39) -> 2013
A40: 787 | B40: 55 | C40: Yes | D40: Travel_Rarely | E40: Research & Development | F40: Bachelor | G40: Very High | H40: Male | I40: High | J40: Manager | K40: Low | L40: Excellent | M40: Better | N40: Married | O40: Low | P40: Yes | Q40: 13 | R40: 5 | S40: 24 | T40: 1 | U40: 4 | V40: 2 | W40: 78 | X40: 725 | Y40: 21199 | Z40: 19859 | AA40: 2 | AB40: 44773 | AC40: 24886 | AD40: 41451 | AE40: 43257 | AF40: 5 | AG40: 5_Between 50 and 60 | AH40: 1 | AI40: 50 | AJ40: 1 | AK40: 3_Between 3-5 years | AL40: Full-time | AM40: =ROUNDUP(MONTH(AD40)/3,0) -> 2 | AN40: =MONTH(AD40) -> 6 | AO40: =IF(C40="Yes",ROUNDUP(MONTH(AE40)/3,0),"") -> 2 | AP40: =IF(C40="Yes",MONTH(AE40),"") -> 6 | AQ40: =YEAR(AD40) -> 2013
A41: 1127 | B41: 39 | C41: Yes | D41: Travel_Frequently | E41: Research & Development | F41: Bachelor | G41: Low | H41: Male | I41: High | J41: Healthcare Representative | K41: Very High | L41: Excellent | M41: Better | N41: Divorced | O41: High | P41: No | Q41: 11 | R41: 7 | S41: 21 | T41: 11 | U41: 5 | V41: 2 | W41: 84 | X41: 203 | Y41: 13547 | Z41: 12169 | AA41: 4 | AB41: 44773 | AC41: 30784 | AD41: 37059 | AE41: 43303 | AF41: 17 | AG41: 3_Between 30 and 40 | AH41: 1 | AI41: 22 | AJ41: 1 | AK41: 7_15+ years | AL41: Full-time | AM41: =ROUNDUP(MONTH(AD41)/3,0) -> 2 | AN41: =MONTH(AD41) -> 6 | AO41: =IF(C41="Yes",ROUNDUP(MONTH(AE41)/3,0),"") -> 3 | AP41: =IF(C41="Yes",MONTH(AE41),"") -> 7 | AQ41: =YEAR(AD41) -> 2001
A42: 1188 | B42: 43 | C42: Yes | D42: Travel_Rarely | E42: Sales | F42: Bachelor | G42: Low | H42: Female | I42: Low | J42: Sales Executive | K42: High | L42: Excellent | M42: Good | N42: Single | P42: No | Q42: 13 | R42: 8 | S42: 7 | T42: 1 | U42: 3 | V42: 9 | W42: 85 | X42: 1372 | Y42: 9489 | Z42: 5346 | AA42: 2 | AB42: 44773 | AC42: 29171 | AD42: 42075 | AE42: 43306 | AF42: 3 | AG42: 4_Between 40 and 50 | AH42: 1 | AI42: 40 | AJ42: 1 | AK42: 2_Between 1-3 years | AL42: Full-time | AM42: =ROUNDUP(MONTH(AD42)/3,0) -> 1 | AN42: =MONTH(AD42) -> 3 | AO42: =IF(C42="Yes",ROUNDUP(MONTH(AE42)/3,0),"") -> 3 | AP42: =IF(C42="Yes",MONTH(AE42),"") -> 7 | AQ42: =YEAR(AD42) -> 2015
A43: 1420 | B43: 49 | C43: Yes | D43: Travel_Frequently | E43: Research & Development | F43: College | G43: Low | H43: Male | I43: Medium | J43: Laboratory Technician | K43: Low | L43: Outstanding | M43: Better | N43: Single | P43: No | Q43: 20 | R43: 3 | S43: 20 | T43: 1 | U43: 3 | V43: 28 | W43: 97 | X43: 1475 | Y43: 22710 | Z43: 4284 | AA43: 2 | AB43: 44773 | AC43: 27111 | AD43: 41944 | AE43: 43327 | AF43: 4 | AG43: 4_Between 40 and 50 | AH43: 1 | AI43: 45 | AJ43: 1 | AK43: 3_Between 3-5 years | AL43: Full-time | AM43: =ROUNDUP(MONTH(AD43)/3,0) -> 4 | AN43: =MONTH(AD43) -> 11 | AO43: =IF(C43="Yes",ROUNDUP(MONTH(AE43)/3,0),"") -> 3 | AP43: =IF(C43="Yes",MONTH(AE43),"") -> 8 | AQ43: =YEAR(AD43) -> 2014
A44: 2032 | B44: 56 | C44: Yes | D44: Travel_Rarely | E44: Research & Development | F44: College | G44: Very High | H44: Male | I44: High | J44: Laboratory Technician | K44: High | L44: Excellent | M44: Bad | N44: Married | O44: Low | P44: No | Q44: 11 | R44: 8 | S44: 14 | T44: 9 | U44: 8 | V44: 7 | W44: 72 | X44: 310 | Y44: 3666 | Z44: 2339 | AA44: 4 | AB44: 44773 | AC44: 24647 | AD44: 39827 | AE44: 43330 | AF44: 10 | AG44: 5_Between 50 and 60 | AH44: 1 | AI44: 46 | AJ44: 1 | AK44: 5_Between 10-15 years | AL44: Full-time | AM44: =ROUNDUP(MONTH(AD44)/3,0) -> 1 | AN44: =MONTH(AD44) -> 1 | AO44: =IF(C44="Yes",ROUNDUP(MONTH(AE44)/3,0),"") -> 3 | AP44: =IF(C44="Yes",MONTH(AE44),"") -> 8 | AQ44: =YEAR(AD44) -> 2009
A45: 1869 | B45: 46 | C45: Yes | D45: Travel_Rarely | E45: Sales | F45: Bachelor | G45: High | H45: Female | I45: High | J45: Sales Executive | K45: Medium | L45: Outstanding | M45: Better | N45: Married | O45: High | P45: No | Q45: 21 | R45: 5 | S45: 14 | T45: 0 | U45: 7 | V45: 10 | W45: 64 | X45: 1254 | Y45: 14011 | Z45: 7314 | AA45: 2 | AB45: 44773 | AC45: 28253 | AD45: 40560 | AE45: 43344 | AF45: 8 | AG45: 4_Between 40 and 50 | AH45: 1 | AI45: 38 | AJ45: 1 | AK45: 4_Between 5-10 years | AL45: Contractor | AM45: =ROUNDUP(MONTH(AD45)/3,0) -> 1 | AN45: =MONTH(AD45) -> 1 | AO45: =IF(C45="Yes",ROUNDUP(MONTH(AE45)/3,0),"") -> 3 | AP45: =IF(C45="Yes",MONTH(AE45),"") -> 9 | AQ45: =YEAR(AD45) -> 2011
A46: 315 | B46: 29 | C46: Yes | D46: Travel_Rarely | E46: Research & Development | F46: Below College | G46: High | H46: Male | I46: Medium | J46: Research Scientist | K46: Very High | L46: Low | M46: Good | N46: Single | P46: Yes | Q46: 13 | R46: 1 | S46: 4 | T46: 0 | U46: 1 | V46: 18 | W46: 86 | X46: 896 | Y46: 14961 | Z46: 2389 | AA46: 3 | AB46: 44773 | AC46: 34455 | AD46: 42056 | AE46: 43353 | AF46: 4 | AG46: 2_Between 20 and 30 | AH46: 2 | AI46: 25 | AJ46: 1 | AK46: 3_Between 3-5 years | AL46: Full-time | AM46: =ROUNDUP(MONTH(AD46)/3,0) -> 1 | AN46: =MONTH(AD46) -> 2 | AO46: =IF(C46="Yes",ROUNDUP(MONTH(AE46)/3,0),"") -> 3 | AP46: =IF(C46="Yes",MONTH(AE46),"") -> 9 | AQ46: =YEAR(AD46) -> 2015
A47: 142 | B47: 25 | C47: Yes | D47: Travel_Rarely | E47: Sales | F47: Bachelor | G47: High | H47: Male | I47: Medium | J47: Sales Executive | K47: High | L47: Excellent | M47: Better | N47: Single | P47: Yes | Q47: 11 | R47: 1 | S47: 6 | T47: 0 | U47: 3 | V47: 5 | W47: 46 | X47: 240 | Y47: 26959 | Z47: 5744 | AA47: 1 | AB47: 44773 | AC47: 35994 | AD47: 41310 | AE47: 43356 | AF47: 6 | AG47: 2_Between 20 and 30 | AH47: 1 | AI47: 19 | AJ47: 1 | AK47: 4_Between 5-10 years | AL47: Full-time | AM47: =ROUNDUP(MONTH(AD47)/3,0) -> 1 | AN47: =MONTH(AD47) -> 2 | AO47: =IF(C47="Yes",ROUNDUP(MONTH(AE47)/3,0),"") -> 3 | AP47: =IF(C47="Yes",MONTH(AE47),"") -> 9 | AQ47: =YEAR(AD47) -> 2013
A48: 796 | B48: 26 | C48: Yes | D48: Travel_Rarely | E48: Sales | F48: Bachelor | G48: Very High | H48: Male | I48: Medium | J48: Sales Executive | K48: Low | L48: Good | M48: Good | N48: Single | P48: No | Q48: 17 | R48: 6 | S48: 6 | T48: 1 | U48: 2 | V48: 8 | W48: 38 | X48: 1146 | Y48: 3064 | Z48: 5326 | AA48: 2 | AB48: 44773 | AC48: 35562 | AD48: 42090 | AE48: 43358 | AF48: 3 | AG48: 2_Between 20 and 30 | AH48: 1 | AI48: 23 | AJ48: 1 | AK48: 2_Between 1-3 years | AL48: Contractor | AM48: =ROUNDUP(MONTH(AD48)/3,0) -> 1 | AN48: =MONTH(AD48) -> 3 | AO48: =IF(C48="Yes",ROUNDUP(MONTH(AE48)/3,0),"") -> 3 | AP48: =IF(C48="Yes",MONTH(AE48),"") -> 9 | AQ48: =YEAR(AD48) -> 2015
A49: 1106 | B49: 25 | C49: Yes | D49: Travel_Rarely | E49: Research & Development | F49: Below College | G49: Very High | H49: Male | I49: High | J49: Laboratory Technician | K49: Very High | L49: Excellent | M49: Best | N49: Married | O49: Low | P49: Yes | Q49: 15 | R49: 1 | S49: 7 | T49: 5 | U49: 6 | V49: 4 | W49: 32 | X49: 1219 | Y49: 4605 | Z49: 3691 | AA49: 3 | AB49: 44773 | AC49: 35978 | AD49: 41119 | AE49: 43359 | AF49: 6 | AG49: 2_Between 20 and 30 | AH49: 1 | AI49: 19 | AJ49: 1 | AK49: 4_Between 5-10 years | AL49: Full-time | AM49: =ROUNDUP(MONTH(AD49)/3,0) -> 3 | AN49: =MONTH(AD49) -> 7 | AO49: =IF(C49="Yes",ROUNDUP(MONTH(AE49)/3,0),"") -> 3 | AP49: =IF(C49="Yes",MONTH(AE49),"") -> 9 | AQ49: =YEAR(AD49) -> 2012
A50: 291 | B50: 32 | C50: Yes | D50: Travel_Rarely | E50: Sales | F50: Master | G50: Very High | H50: Male | I50: Low | J50: Sales Executive | K50: Very High | L50: Excellent | M50: Good | N50: Married | P50: No | Q50: 11 | R50: 1 | S50: 14 | T50: 9 | U50: 8 | V50: 4 | W50: 32 | X50: 1045 | Y50: 25812 | Z50: 10400 | AA50: 2 | AB50: 44773 | AC50: 33129 | AD50: 38523 | AE50: 43371 | AF50: 13 | AG50: 3_Between 30 and 40 | AH50: 1 | AI50: 19 | AJ50: 1 | AK50: 5_Between 10-15 years | AL50: Full-time | AM50: =ROUNDUP(MONTH(AD50)/3,0) -> 2 | AN50: =MONTH(AD50) -> 6 | AO50: =IF(C50="Yes",ROUNDUP(MONTH(AE50)/3,0),"") -> 3 | AP50: =IF(C50="Yes",MONTH(AE50),"") -> 9 | AQ50: =YEAR(AD50) -> 2005
A51: 492 | B51: 40 | C51: Yes | D51: Travel_Rarely | E51: Sales | F51: College | G51: High | H51: Male | I51: Medium | J51: Sales Executive | K51: High | L51: Good | M51: Better | N51: Married | O51: Mid | P51: Yes | Q51: 12 | R51: 2 | S51: 8 | T51: 1 | U51: 0 | V51: 22 | W51: 68 | X51: 575 | Y51: 6110 | Z51: 6380 | AA51: 6 | AB51: 44773 | AC51: 30191 | AD51: 41390 | AE51: 43372 | AF51: 5 | AG51: 4_Between 40 and 50 | AH51: 2 | AI51: 35 | AJ51: 1 | AK51: 3_Between 3-5 years | AL51: Full-time | AM51: =ROUNDUP(MONTH(AD51)/3,0) -> 2 | AN51: =MONTH(AD51) -> 4 | AO51: =IF(C51="Yes",ROUNDUP(MONTH(AE51)/3,0),"") -> 3 | AP51: =IF(C51="Yes",MONTH(AE51),"") -> 9 | AQ51: =YEAR(AD51) -> 2013
A52: 1939 | B52: 32 | C52: Yes | D52: Travel_Frequently | E52: Research & Development | F52: College | G52: Low | H52: Female | I52: Very High | J52: Research Scientist | K52: High | L52: Excellent | M52: Better | N52: Single | P52: Yes | Q52: 14 | R52: 3 | S52: 8 | T52: 0 | U52: 3 | V52: 5 | W52: 47 | X52: 238 | Y52: 15318 | Z52: 2432 | AA52: 2 | AB52: 44773 | AC52: 33238 | AD52: 42106 | AE52: 43399 | AF52: 4 | AG52: 3_Between 30 and 40 | AH52: 1 | AI52: 28 | AJ52: 1 | AK52: 3_Between 3-5 years | AL52: Full-time | AM52: =ROUNDUP(MONTH(AD52)/3,0) -> 2 | AN52: =MONTH(AD52) -> 4 | AO52: =IF(C52="Yes",ROUNDUP(MONTH(AE52)/3,0),"") -> 4 | AP52: =IF(C52="Yes",MONTH(AE52),"") -> 10 | AQ52: =YEAR(AD52) -> 2015
A53: 510 | B53: 26 | C53: Yes | D53: Travel_Frequently | E53: Research & Development | F53: Below College | G53: High | H53: Male | I53: High | J53: Research Scientist | K53: Low | L53: Outstanding | M53: Better | N53: Single | P53: No | Q53: 22 | R53: 0 | S53: 7 | T53: 0 | U53: 4 | V53: 3 | W53: 73 | X53: 575 | Y53: 6582 | Z53: 3102 | AA53: 2 | AB53: 44773 | AC53: 35626 | AD53: 41555 | AE53: 43410 | AF53: 5 | AG53: 2_Between 20 and 30 | AH53: 1 | AI53: 21 | AJ53: 1 | AK53: 3_Between 3-5 years | AL53: Full-time | AM53: =ROUNDUP(MONTH(AD53)/3,0) -> 4 | AN53: =MONTH(AD53) -> 10 | AO53: =IF(C53="Yes",ROUNDUP(MONTH(AE53)/3,0),"") -> 4 | AP53: =IF(C53="Yes",MONTH(AE53),"") -> 11 | AQ53: =YEAR(AD53) -> 2013
A54: 1747 | B54: 30 | C54: Yes | D54: Travel_Frequently | E54: Human Resources | F54: Bachelor | G54: High | H54: Female | I54: Medium | J54: Human Resources | K54: Very High | L54: Excellent | M54: Good | N54: Divorced | O54: Low | P54: No | Q54: 11 | R54: 6 | S54: 6 | T54: 1 | U54: 2 | V54: 8 | W54: 66 | X54: 600 | Y54: 9732 | Z54: 2180 | AA54: 0 | AB54: 44773 | AC54: 34015 | AD54: 42133 | AE54: 43426 | AF54: 4 | AG54: 3_Between 30 and 40 | AH54: 1 | AI54: 26 | AJ54: 1 | AK54: 3_Between 3-5 years | AL54: Full-time | AM54: =ROUNDUP(MONTH(AD54)/3,0) -> 2 | AN54: =MONTH(AD54) -> 5 | AO54: =IF(C54="Yes",ROUNDUP(MONTH(AE54)/3,0),"") -> 4 | AP54: =IF(C54="Yes",MONTH(AE54),"") -> 11 | AQ54: =YEAR(AD54) -> 2015
A55: 1081 | B55: 51 | C55: Yes | D55: Travel_Rarely | E55: Research & Development | F55: Master | G55: Low | H55: Male | I55: High | J55: Research Scientist | K55: High | L55: Excellent | M55: Best | N55: Married | O55: High | P55: Yes | Q55: 12 | R55: 9 | S55: 18 | T55: 2 | U55: 7 | V55: 4 | W55: 34 | X55: 1323 | Y55: 10332 | Z55: 2461 | AA55: 2 | AB55: 44773 | AC55: 26396 | AD55: 40000 | AE55: 43435 | AF55: 9 | AG55: 5_Between 50 and 60 | AH55: 1 | AI55: 42 | AJ55: 1 | AK55: 4_Between 5-10 years | AL55: Full-time | AM55: =ROUNDUP(MONTH(AD55)/3,0) -> 3 | AN55: =MONTH(AD55) -> 7 | AO55: =IF(C55="Yes",ROUNDUP(MONTH(AE55)/3,0),"") -> 4 | AP55: =IF(C55="Yes",MONTH(AE55),"") -> 12 | AQ55: =YEAR(AD55) -> 2009
A56: 1038 | B56: 52 | C56: Yes | D56: Travel_Rarely | E56: Sales | F56: Below College | G56: Low | H56: Female | I56: Low | J56: Manager | K56: Very High | L56: Excellent | M56: Better | N56: Married | O56: Low | P56: No | Q56: 15 | R56: 1 | S56: 33 | T56: 6 | U56: 9 | V56: 2 | W56: 57 | X56: 266 | Y56: 25846 | Z56: 19845 | AA56: 3 | AB56: 44773 | AC56: 25923 | AD56: 32014 | AE56: 43438 | AF56: 31 | AG56: 5_Between 50 and 60 | AH56: 1 | AI56: 21 | AJ56: 1 | AK56: 7_15+ years | AL56: Full-time | AM56: =ROUNDUP(MONTH(AD56)/3,0) -> 3 | AN56: =MONTH(AD56) -> 8 | AO56: =IF(C56="Yes",ROUNDUP(MONTH(AE56)/3,0),"") -> 4 | AP56: =IF(C56="Yes",MONTH(AE56),"") -> 12 | AQ56: =YEAR(AD56) -> 1987
A57: 1277 | B57: 45 | C57: Yes | D57: Travel_Rarely | E57: Sales | F57: Bachelor | G57: Low | H57: Female | I57: Low | J57: Manager | K57: Medium | L57: Good | M57: Better | N57: Single | P57: Yes | Q57: 16 | R57: 2 | S57: 26 | T57: 1 | U57: 11 | V57: 2 | W57: 94 | X57: 1449 | Y57: 2493 | Z57: 18824 | AA57: 2 | AB57: 44773 | AC57: 28460 | AD57: 34898 | AE57: 43445 | AF57: 23 | AG57: 4_Between 40 and 50 | AH57: 2 | AI57: 22 | AJ57: 1 | AK57: 7_15+ years | AL57: Full-time | AM57: =ROUNDUP(MONTH(AD57)/3,0) -> 3 | AN57: =MONTH(AD57) -> 7 | AO57: =IF(C57="Yes",ROUNDUP(MONTH(AE57)/3,0),"") -> 4 | AP57: =IF(C57="Yes",MONTH(AE57),"") -> 12 | AQ57: =YEAR(AD57) -> 1995
A58: 667 | B58: 27 | C58: Yes | D58: Travel_Rarely | E58: Sales | F58: Below College | G58: High | H58: Male | I58: High | J58: Sales Representative | K58: Low | L58: Excellent | M58: Better | N58: Divorced | O58: Low | P58: No | Q58: 11 | R58: 0 | S58: 5 | T58: 0 | U58: 2 | V58: 2 | W58: 85 | X58: 1420 | Y58: 16346 | Z58: 3041 | AA58: 3 | AB58: 44773 | AC58: 35084 | AD58: 42137 | AE58: 43479 | AF58: 4 | AG58: 2_Between 20 and 30 | AH58: 1 | AI58: 23 | AJ58: 1 | AK58: 3_Between 3-5 years | AL58: Full-time | AM58: =ROUNDUP(MONTH(AD58)/3,0) -> 2 | AN58: =MONTH(AD58) -> 5 | AO58: =IF(C58="Yes",ROUNDUP(MONTH(AE58)/3,0),"") -> 1 | AP58: =IF(C58="Yes",MONTH(AE58),"") -> 1 | AQ58: =YEAR(AD58) -> 2015
A59: 454 | B59: 29 | C59: Yes | D59: Travel_Rarely | E59: Research & Development | F59: Master | G59: Medium | H59: Male | I59: Low | J59: Laboratory Technician | K59: Low | L59: Excellent | M59: Good | N59: Married | P59: Yes | Q59: 11 | R59: 1 | S59: 7 | T59: 0 | U59: 7 | V59: 8 | W59: 77 | X59: 318 | Y59: 4759 | Z59: 2119 | AA59: 4 | AB59: 44773 | AC59: 34522 | AD59: 40955 | AE59: 43482 | AF59: 7 | AG59: 2_Between 20 and 30 | AH59: 1 | AI59: 22 | AJ59: 1 | AK59: 4_Between 5-10 years | AL59: Contractor | AM59: =ROUNDUP(MONTH(AD59)/3,0) -> 1 | AN59: =MONTH(AD59) -> 2 | AO59: =IF(C59="Yes",ROUNDUP(MONTH(AE59)/3,0),"") -> 1 | AP59: =IF(C59="Yes",MONTH(AE59),"") -> 1 | AQ59: =YEAR(AD59) -> 2012
A60: 1907 | B60: 56 | C60: Yes | D60: Travel_Rarely | E60: Research & Development | F60: College | G60: Low | H60: Male | I60: High | J60: Laboratory Technician | K60: Very High | L60: Excellent | M60: Better | N60: Single | P60: No | Q60: 16 | R60: 1 | S60: 5 | T60: 1 | U60: 0 | V60: 24 | W60: 97 | X60: 1162 | Y60: 10261 | Z60: 2587 | AA60: 3 | AB60: 44773 | AC60: 24459 | AD60: 42114 | AE60: 43483 | AF60: 4 | AG60: 5_Between 50 and 60 | AH60: 1 | AI60: 52 | AJ60: 2 | AK60: 3_Between 3-5 years | AL60: Contractor | AM60: =ROUNDUP(MONTH(AD60)/3,0) -> 2 | AN60: =MONTH(AD60) -> 4 | AO60: =IF(C60="Yes",ROUNDUP(MONTH(AE60)/3,0),"") -> 1 | AP60: =IF(C60="Yes",MONTH(AE60),"") -> 1 | AQ60: =YEAR(AD60) -> 2015
A61: 248 | B61: 41 | C61: Yes | D61: Travel_Rarely | E61: Sales | F61: College | G61: Medium | H61: Female | I61: High | J61: Sales Representative | K61: Medium | L61: Outstanding | M61: Good | N61: Single | P61: Yes | Q61: 22 | R61: 1 | S61: 4 | T61: 0 | U61: 2 | V61: 20 | W61: 70 | X61: 1356 | Y61: 21728 | Z61: 3140 | AA61: 5 | AB61: 44773 | AC61: 30143 | AD61: 42276 | AE61: 43483 | AF61: 3 | AG61: 4_Between 40 and 50 | AH61: 1 | AI61: 38 | AJ61: 1 | AK61: 2_Between 1-3 years | AL61: Contractor | AM61: =ROUNDUP(MONTH(AD61)/3,0) -> 3 | AN61: =MONTH(AD61) -> 9 | AO61: =IF(C61="Yes",ROUNDUP(MONTH(AE61)/3,0),"") -> 1 | AP61: =IF(C61="Yes",MONTH(AE61),"") -> 1 | AQ61: =YEAR(AD61) -> 2015
A62: 328 | B62: 33 | C62: Yes | D62: Travel_Rarely | E62: Research & Development | F62: College | G62: Low | H62: Female | I62: High | J62: Laboratory Technician | K62: Low | L62: Good | M62: Best | N62: Married | P62: No | Q62: 20 | R62: 7 | S62: 13 | T62: 1 | U62: 7 | V62: 2 | W62: 39 | X62: 465 | Y62: 21509 | Z62: 2707 | AA62: 3 | AB62: 44773 | AC62: 32729 | AD62: 40293 | AE62: 43489 | AF62: 9 | AG62: 3_Between 30 and 40 | AH62: 2 | AI62: 24 | AJ62: 1 | AK62: 4_Between 5-10 years | AL62: Contractor | AM62: =ROUNDUP(MONTH(AD62)/3,0) -> 2 | AN62: =MONTH(AD62) -> 4 | AO62: =IF(C62="Yes",ROUNDUP(MONTH(AE62)/3,0),"") -> 1 | AP62: =IF(C62="Yes",MONTH(AE62),"") -> 1 | AQ62: =YEAR(AD62) -> 2010
A63: 31 | B63: 34 | C63: Yes | D63: Travel_Rarely | E63: Research & Development | F63: Below College | G63: Medium | H63: Male | I63: High | J63: Research Scientist | K63: Low | L63: Excellent | M63: Better | N63: Single | P63: No | Q63: 11 | R63: 2 | S63: 8 | T63: 1 | U63: 3 | V63: 6 | W63: 83 | X63: 699 | Y63: 17102 | Z63: 2960 | AA63: 2 | AB63: 44773 | AC63: 32542 | AD63: 42357 | AE63: 43503 | AF63: 3 | AG63: 3_Between 30 and 40 | AH63: 1 | AI63: 31 | AJ63: 1 | AK63: 2_Between 1-3 years | AL63: Full-time | AM63: =ROUNDUP(MONTH(AD63)/3,0) -> 4 | AN63: =MONTH(AD63) -> 12 | AO63: =IF(C63="Yes",ROUNDUP(MONTH(AE63)/3,0),"") -> 1 | AP63: =IF(C63="Yes",MONTH(AE63),"") -> 2 | AQ63: =YEAR(AD63) -> 2015
A64: 631 | B64: 32 | C64: Yes | D64: Non-Travel | E64: Sales | F64: Master | G64: Very High | H64: Male | I64: Very High | J64: Sales Executive | K64: High | L64: Good | M64: Better | N64: Married | P64: No | Q64: 12 | R64: 8 | S64: 6 | T64: 1 | U64: 2 | V64: 11 | W64: 60 | X64: 1474 | Y64: 23914 | Z64: 4707 | AA64: 2 | AB64: 44773 | AC64: 33269 | AD64: 42178 | AE64: 43541 | AF64: 4 | AG64: 3_Between 30 and 40 | AH64: 2 | AI64: 28 | AJ64: 1 | AK64: 3_Between 3-5 years | AL64: Full-time | AM64: =ROUNDUP(MONTH(AD64)/3,0) -> 2 | AN64: =MONTH(AD64) -> 6 | AO64: =IF(C64="Yes",ROUNDUP(MONTH(AE64)/3,0),"") -> 1 | AP64: =IF(C64="Yes",MONTH(AE64),"") -> 3 | AQ64: =YEAR(AD64) -> 2015
A65: 1691 | B65: 48 | C65: Yes | D65: Travel_Frequently | E65: Sales | F65: College | G65: Very High | H65: Female | I65: High | J65: Sales Representative | K65: High | L65: Excellent | M65: Better | N65: Married | O65: Mid | P65: Yes | Q65: 11 | R65: 2 | S65: 19 | T65: 7 | U65: 7 | V65: 7 | W65: 95 | X65: 708 | Y65: 11740 | Z65: 2655 | AA65: 3 | AB65: 44773 | AC65: 27289 | AD65: 40562 | AE65: 43545 | AF65: 8 | AG65: 4_Between 40 and 50 | AH65: 1 | AI65: 40 | AJ65: 1 | AK65: 4_Between 5-10 years | AL65: Full-time | AM65: =ROUNDUP(MONTH(AD65)/3,0) -> 1 | AN65: =MONTH(AD65) -> 1 | AO65: =IF(C65="Yes",ROUNDUP(MONTH(AE65)/3,0),"") -> 1 | AP65: =IF(C65="Yes",MONTH(AE65),"") -> 3 | AQ65: =YEAR(AD65) -> 2011
A66: 1100 | B66: 35 | C66: Yes | D66: Travel_Rarely | E66: Sales | F66: Bachelor | G66: Very High | H66: Male | I66: High | J66: Sales Executive | K66: Low | L66: Outstanding | M66: Better | N66: Single | P66: Yes | Q66: 22 | R66: 0 | S66: 9 | T66: 4 | U66: 7 | V66: 4 | W66: 86 | X66: 1204 | Y66: 10333 | Z66: 9582 | AA66: 2 | AB66: 44773 | AC66: 32076 | AD66: 40658 | AE66: 43549 | AF66: 8 | AG66: 3_Between 30 and 40 | AH66: 1 | AI66: 27 | AJ66: 1 | AK66: 4_Between 5-10 years | AL66: Full-time | AM66: =ROUNDUP(MONTH(AD66)/3,0) -> 2 | AN66: =MONTH(AD66) -> 4 | AO66: =IF(C66="Yes",ROUNDUP(MONTH(AE66)/3,0),"") -> 1 | AP66: =IF(C66="Yes",MONTH(AE66),"") -> 3 | AQ66: =YEAR(AD66) -> 2011
A67: 1797 | B67: 35 | C67: Yes | D67: Travel_Rarely | E67: Sales | F67: Bachelor | G67: High | H67: Male | I67: High | J67: Sales Executive | K67: Very High | L67: Excellent | M67: Better | N67: Single | P67: Yes | Q67: 18 | R67: 1 | S67: 10 | T67: 7 | U67: 7 | V67: 27 | W67: 84 | X67: 303 | Y67: 13492 | Z67: 5813 | AA67: 2 | AB67: 44773 | AC67: 32242 | AD67: 40254 | AE67: 43556 | AF67: 9 | AG67: 3_Between 30 and 40 | AH67: 1 | AI67: 26 | AJ67: 1 | AK67: 4_Between 5-10 years | AL67: Full-time | AM67: =ROUNDUP(MONTH(AD67)/3,0) -> 1 | AN67: =MONTH(AD67) -> 3 | AO67: =IF(C67="Yes",ROUNDUP(MONTH(AE67)/3,0),"") -> 2 | AP67: =IF(C67="Yes",MONTH(AE67),"") -> 4 | AQ67: =YEAR(AD67) -> 2010
A68: 582 | B68: 33 | C68: Yes | D68: Travel_Rarely | E68: Research & Development | F68: Below College | G68: Medium | H68: Male | I68: High | J68: Manager | K68: High | L68: Excellent | M68: Best | N68: Married | P68: Yes | Q68: 12 | R68: 7 | S68: 15 | T68: 3 | U68: 4 | V68: 15 | W68: 56 | X68: 1277 | Y68: 24619 | Z68: 13610 | AA68: 2 | AB68: 44773 | AC68: 32898 | AD68: 41367 | AE68: 43564 | AF68: 6 | AG68: 3_Between 30 and 40 | AH68: 1 | AI68: 27 | AJ68: 1 | AK68: 4_Between 5-10 years | AL68: Full-time | AM68: =ROUNDUP(MONTH(AD68)/3,0) -> 2 | AN68: =MONTH(AD68) -> 4 | AO68: =IF(C68="Yes",ROUNDUP(MONTH(AE68)/3,0),"") -> 2 | AP68: =IF(C68="Yes",MONTH(AE68),"") -> 4 | AQ68: =YEAR(AD68) -> 2013
A69: 1967 | B69: 31 | C69: Yes | D69: Travel_Frequently | E69: Sales | F69: Master | G69: Low | H69: Male | I69: High | J69: Sales Executive | K69: Very High | L69: Excellent | M69: Better | N69: Married | P69: Yes | Q69: 11 | R69: 1 | S69: 10 | T69: 0 | U69: 8 | V69: 26 | W69: 63 | X69: 754 | Y69: 21075 | Z69: 5617 | AA69: 4 | AB69: 44773 | AC69: 33772 | AD69: 40010 | AE69: 43569 | AF69: 10 | AG69: 3_Between 30 and 40 | AH69: 1 | AI69: 21 | AJ69: 1 | AK69: 5_Between 10-15 years | AL69: Contractor | AM69: =ROUNDUP(MONTH(AD69)/3,0) -> 3 | AN69: =MONTH(AD69) -> 7 | AO69: =IF(C69="Yes",ROUNDUP(MONTH(AE69)/3,0),"") -> 2 | AP69: =IF(C69="Yes",MONTH(AE69),"") -> 4 | AQ69: =YEAR(AD69) -> 2009
A70: 118 | B70: 46 | C70: Yes | D70: Travel_Rarely | E70: Sales | F70: College | G70: High | H70: Male | I70: Medium | J70: Sales Executive | K70: Very High | L70: Excellent | M70: Better | N70: Single | P70: No | Q70: 16 | R70: 1 | S70: 9 | T70: 4 | U70: 7 | V70: 9 | W70: 64 | X70: 669 | Y70: 13596 | Z70: 9619 | AA70: 3 | AB70: 44773 | AC70: 28242 | AD70: 40508 | AE70: 43570 | AF70: 8 | AG70: 4_Between 40 and 50 | AH70: 1 | AI70: 38 | AJ70: 1 | AK70: 4_Between 5-10 years | AL70: Contractor | AM70: =ROUNDUP(MONTH(AD70)/3,0) -> 4 | AN70: =MONTH(AD70) -> 11 | AO70: =IF(C70="Yes",ROUNDUP(MONTH(AE70)/3,0),"") -> 2 | AP70: =IF(C70="Yes",MONTH(AE70),"") -> 4 | AQ70: =YEAR(AD70) -> 2010
A71: 1082 | B71: 28 | C71: Yes | D71: Non-Travel | E71: Research & Development | F71: College | G71: Medium | H71: Male | I71: Medium | J71: Healthcare Representative | K71: Low | L71: Low | M71: Good | N71: Single | P71: No | Q71: 12 | R71: 1 | S71: 10 | T71: 1 | U71: 9 | V71: 24 | W71: 72 | X71: 1366 | Y71: 12355 | Z71: 8722 | AA71: 2 | AB71: 44773 | AC71: 34677 | AD71: 40195 | AE71: 43571 | AF71: 9 | AG71: 2_Between 20 and 30 | AH71: 2 | AI71: 19 | AJ71: 1 | AK71: 4_Between 5-10 years | AL71: Full-time | AM71: =ROUNDUP(MONTH(AD71)/3,0) -> 1 | AN71: =MONTH(AD71) -> 1 | AO71: =IF(C71="Yes",ROUNDUP(MONTH(AE71)/3,0),"") -> 2 | AP71: =IF(C71="Yes",MONTH(AE71),"") -> 4 | AQ71: =YEAR(AD71) -> 2010
A72: 1010 | B72: 35 | C72: Yes | D72: Travel_Rarely | E72: Research & Development | F72: Master | G72: High | H72: Male | I72: Medium | J72: Laboratory Technician | K72: Medium | L72: Outstanding | M72: Bad | N72: Divorced | O72: Low | P72: Yes | Q72: 24 | R72: 1 | S72: 5 | T72: 0 | U72: 2 | V72: 14 | W72: 39 | X72: 622 | Y72: 10074 | Z72: 3743 | AA72: 2 | AB72: 44773 | AC72: 32276 | AD72: 42385 | AE72: 43574 | AF72: 3 | AG72: 3_Between 30 and 40 | AH72: 1 | AI72: 32 | AJ72: 1 | AK72: 2_Between 1-3 years | AL72: Contractor | AM72: =ROUNDUP(MONTH(AD72)/3,0) -> 1 | AN72: =MONTH(AD72) -> 1 | AO72: =IF(C72="Yes",ROUNDUP(MONTH(AE72)/3,0),"") -> 2 | AP72: =IF(C72="Yes",MONTH(AE72),"") -> 4 | AQ72: =YEAR(AD72) -> 2016
A73: 1380 | B73: 35 | C73: Yes | D73: Travel_Frequently | E73: Sales | F73: Master | G73: Very High | H73: Female | I73: High | J73: Sales Executive | K73: High | L73: Excellent | M73: Good | N73: Married | O73: Low | P73: Yes | Q73: 18 | R73: 0 | S73: 5 | T73: 3 | U73: 2 | V73: 18 | W73: 67 | X73: 662 | Y73: 23288 | Z73: 4614 | AA73: 0 | AB73: 44773 | AC73: 32232 | AD73: 42312 | AE73: 43582 | AF73: 3 | AG73: 3_Between 30 and 40 | AH73: 1 | AI73: 32 | AJ73: 1 | AK73: 2_Between 1-3 years | AL73: Full-time | AM73: =ROUNDUP(MONTH(AD73)/3,0) -> 4 | AN73: =MONTH(AD73) -> 11 | AO73: =IF(C73="Yes",ROUNDUP(MONTH(AE73)/3,0),"") -> 2 | AP73: =IF(C73="Yes",MONTH(AE73),"") -> 4 | AQ73: =YEAR(AD73) -> 2015
A74: 970 | B74: 37 | C74: Yes | D74: Travel_Rarely | E74: Sales | F74: Master | G74: Low | H74: Male | I74: Medium | J74: Sales Executive | K74: High | L74: Excellent | M74: Bad | N74: Married | P74: No | Q74: 11 | R74: 5 | S74: 17 | T74: 11 | U74: 7 | V74: 1 | W74: 46 | X74: 625 | Y74: 14922 | Z74: 10609 | AA74: 2 | AB74: 44773 | AC74: 31592 | AD74: 38745 | AE74: 43590 | AF74: 13 | AG74: 3_Between 30 and 40 | AH74: 2 | AI74: 24 | AJ74: 1 | AK74: 5_Between 10-15 years | AL74: Full-time | AM74: =ROUNDUP(MONTH(AD74)/3,0) -> 1 | AN74: =MONTH(AD74) -> 1 | AO74: =IF(C74="Yes",ROUNDUP(MONTH(AE74)/3,0),"") -> 2 | AP74: =IF(C74="Yes",MONTH(AE74),"") -> 5 | AQ74: =YEAR(AD74) -> 2006
A75: 1459 | B75: 31 | C75: Yes | D75: Travel_Frequently | E75: Research & Development | F75: Doctor | G75: High | H75: Female | I75: Very High | J75: Manufacturing Director | K75: Medium | L75: Excellent | M75: Better | N75: Single | P75: No | Q75: 11 | R75: 1 | S75: 10 | T75: 4 | U75: 7 | V75: 1 | W75: 100 | X75: 1445 | Y75: 8931 | Z75: 7446 | AA75: 2 | AB75: 44773 | AC75: 33773 | AD75: 40323 | AE75: 43611 | AF75: 9 | AG75: 3_Between 30 and 40 | AH75: 1 | AI75: 22 | AJ75: 1 | AK75: 4_Between 5-10 years | AL75: Full-time | AM75: =ROUNDUP(MONTH(AD75)/3,0) -> 2 | AN75: =MONTH(AD75) -> 5 | AO75: =IF(C75="Yes",ROUNDUP(MONTH(AE75)/3,0),"") -> 2 | AP75: =IF(C75="Yes",MONTH(AE75),"") -> 5 | AQ75: =YEAR(AD75) -> 2010
A76: 283 | B76: 29 | C76: Yes | D76: Travel_Rarely | E76: Sales | F76: Bachelor | G76: Medium | H76: Female | I76: High | J76: Sales Executive | K76: Very High | L76: Outstanding | M76: Good | N76: Married | O76: High | P76: No | Q76: 22 | R76: 1 | S76: 10 | T76: 1 | U76: 9 | V76: 27 | W76: 35 | X76: 121 | Y76: 24525 | Z76: 7639 | AA76: 3 | AB76: 44773 | AC76: 34531 | AD76: 40252 | AE76: 43629 | AF76: 9 | AG76: 2_Between 20 and 30 | AH76: 1 | AI76: 20 | AJ76: 1 | AK76: 4_Between 5-10 years | AL76: Contractor | AM76: =ROUNDUP(MONTH(AD76)/3,0) -> 1 | AN76: =MONTH(AD76) -> 3 | AO76: =IF(C76="Yes",ROUNDUP(MONTH(AE76)/3,0),"") -> 2 | AP76: =IF(C76="Yes",MONTH(AE76),"") -> 6 | AQ76: =YEAR(AD76) -> 2010
A77: 584 | B77: 33 | C77: Yes | D77: Travel_Rarely | E77: Research & Development | F77: Below College | G77: Low | H77: Male | I77: Low | J77: Laboratory Technician | K77: Very High | L77: Excellent | M77: Better | N77: Divorced | O77: High | P77: No | Q77: 13 | R77: 7 | S77: 8 | T77: 1 | U77: 3 | V77: 10 | W77: 38 | X77: 587 | Y77: 6705 | Z77: 3408 | AA77: 2 | AB77: 44773 | AC77: 32796 | AD77: 42242 | AE77: 43649 | AF77: 4 | AG77: 3_Between 30 and 40 | AH77: 1 | AI77: 29 | AJ77: 2 | AK77: 3_Between 3-5 years | AL77: Contractor | AM77: =ROUNDUP(MONTH(AD77)/3,0) -> 3 | AN77: =MONTH(AD77) -> 8 | AO77: =IF(C77="Yes",ROUNDUP(MONTH(AE77)/3,0),"") -> 3 | AP77: =IF(C77="Yes",MONTH(AE77),"") -> 7 | AQ77: =YEAR(AD77) -> 2015
A78: 179 | B78: 51 | C78: Yes | D78: Travel_Frequently | E78: Research & Development | F78: Master | G78: Low | H78: Male | I78: Low | J78: Manufacturing Director | K78: Very High | L78: Excellent | M78: Better | N78: Single | P78: No | Q78: 15 | R78: 2 | S78: 18 | T78: 0 | U78: 3 | V78: 8 | W78: 53 | X78: 1150 | Y78: 25150 | Z78: 10650 | AA78: 2 | AB78: 44773 | AC78: 26202 | AD78: 42362 | AE78: 43649 | AF78: 4 | AG78: 5_Between 50 and 60 | AH78: 1 | AI78: 47 | AJ78: 2 | AK78: 3_Between 3-5 years | AL78: Contractor | AM78: =ROUNDUP(MONTH(AD78)/3,0) -> 4 | AN78: =MONTH(AD78) -> 12 | AO78: =IF(C78="Yes",ROUNDUP(MONTH(AE78)/3,0),"") -> 3 | AP78: =IF(C78="Yes",MONTH(AE78),"") -> 7 | AQ78: =YEAR(AD78) -> 2015
A79: 608 | B79: 26 | C79: Yes | D79: Travel_Frequently | E79: Human Resources | F79: Master | G79: Medium | H79: Female | I79: High | J79: Human Resources | K79: High | L79: Excellent | M79: Good | N79: Divorced | O79: Low | P79: Yes | Q79: 11 | R79: 0 | S79: 8 | T79: 1 | U79: 0 | V79: 17 | W79: 58 | X79: 426 | Y79: 22808 | Z79: 2741 | AA79: 2 | AB79: 44773 | AC79: 35488 | AD79: 41298 | AE79: 43653 | AF79: 6 | AG79: 2_Between 20 and 30 | AH79: 2 | AI79: 20 | AJ79: 1 | AK79: 4_Between 5-10 years | AL79: Full-time | AM79: =ROUNDUP(MONTH(AD79)/3,0) -> 1 | AN79: =MONTH(AD79) -> 1 | AO79: =IF(C79="Yes",ROUNDUP(MONTH(AE79)/3,0),"") -> 3 | AP79: =IF(C79="Yes",MONTH(AE79),"") -> 7 | AQ79: =YEAR(AD79) -> 2013
A80: 1960 | B80: 28 | C80: Yes | D80: Travel_Rarely | E80: Research & Development | F80: Bachelor | G80: High | H80: Male | I80: Medium | J80: Laboratory Technician | K80: Very High | L80: Good | M80: Good | N80: Divorced | O80: Low | P80: No | Q80: 12 | R80: 5 | S80: 6 | T80: 0 | U80: 3 | V80: 17 | W80: 32 | X80: 1404 | Y80: 18779 | Z80: 2367 | AA80: 2 | AB80: 44773 | AC80: 34764 | AD80: 42511 | AE80: 43662 | AF80: 3 | AG80: 2_Between 20 and 30 | AH80: 1 | AI80: 25 | AJ80: 1 | AK80: 2_Between 1-3 years | AL80: Contractor | AM80: =ROUNDUP(MONTH(AD80)/3,0) -> 2 | AN80: =MONTH(AD80) -> 5 | AO80: =IF(C80="Yes",ROUNDUP(MONTH(AE80)/3,0),"") -> 3 | AP80: =IF(C80="Yes",MONTH(AE80),"") -> 7 | AQ80: =YEAR(AD80) -> 2016
A81: 1639 | B81: 35 | C81: Yes | D81: Travel_Rarely | E81: Sales | F81: Bachelor | G81: Very High | H81: Male | I81: Medium | J81: Sales Executive | K81: Low | L81: Good | M81: Better | N81: Married | P81: No | Q81: 17 | R81: 9 | S81: 15 | T81: 6 | U81: 0 | V81: 10 | W81: 55 | X81: 737 | Y81: 21530 | Z81: 10306 | AA81: 3 | AB81: 44773 | AC81: 32076 | AD81: 39025 | AE81: 43666 | AF81: 13 | AG81: 3_Between 30 and 40 | AH81: 2 | AI81: 22 | AJ81: 1 | AK81: 5_Between 10-15 years | AL81: Full-time | AM81: =ROUNDUP(MONTH(AD81)/3,0) -> 4 | AN81: =MONTH(AD81) -> 11 | AO81: =IF(C81="Yes",ROUNDUP(MONTH(AE81)/3,0),"") -> 3 | AP81: =IF(C81="Yes",MONTH(AE81),"") -> 7 | AQ81: =YEAR(AD81) -> 2006
A82: 163 | B82: 31 | C82: Yes | D82: Travel_Rarely | E82: Sales | F82: Master | G82: Medium | H82: Male | I82: Low | J82: Sales Executive | K82: High | L82: Good | M82: Good | N82: Married | P82: Yes | Q82: 18 | R82: 4 | S82: 12 | T82: 7 | U82: 7 | V82: 6 | W82: 76 | X82: 249 | Y82: 20739 | Z82: 6172 | AA82: 3 | AB82: 44773 | AC82: 33685 | AD82: 41232 | AE82: 43685 | AF82: 7 | AG82: 3_Between 30 and 40 | AH82: 1 | AI82: 24 | AJ82: 1 | AK82: 4_Between 5-10 years | AL82: Full-time | AM82: =ROUNDUP(MONTH(AD82)/3,0) -> 4 | AN82: =MONTH(AD82) -> 11 | AO82: =IF(C82="Yes",ROUNDUP(MONTH(AE82)/3,0),"") -> 3 | AP82: =IF(C82="Yes",MONTH(AE82),"") -> 8 | AQ82: =YEAR(AD82) -> 2012
A83: 440 | B83: 28 | C83: Yes | D83: Travel_Rarely | E83: Research & Development | F83: Master | G83: Low | H83: Male | I83: Low | J83: Research Scientist | K83: Very High | L83: Excellent | M83: Good | N83: Married | P83: Yes | Q83: 13 | R83: 5 | S83: 5 | T83: 2 | U83: 2 | V83: 2 | W83: 84 | X83: 1157 | Y83: 24737 | Z83: 3464 | AA83: 4 | AB83: 44773 | AC83: 34600 | AD83: 42835 | AE83: 43693 | AF83: 2 | AG83: 2_Between 20 and 30 | AH83: 1 | AI83: 26 | AJ83: 1 | AK83: 2_Between 1-3 years | AL83: Contractor | AM83: =ROUNDUP(MONTH(AD83)/3,0) -> 2 | AN83: =MONTH(AD83) -> 4 | AO83: =IF(C83="Yes",ROUNDUP(MONTH(AE83)/3,0),"") -> 3 | AP83: =IF(C83="Yes",MONTH(AE83),"") -> 8 | AQ83: =YEAR(AD83) -> 2017
A84: 650 | B84: 31 | C84: Yes | D84: Travel_Rarely | E84: Sales | F84: Master | G84: Medium | H84: Male | I84: High | J84: Sales Executive | K84: Low | L84: Excellent | M84: Bad | N84: Divorced | P84: No | Q84: 17 | R84: 2 | S84: 9 | T84: 1 | U84: 2 | V84: 13 | W84: 46 | X84: 1365 | Y84: 11512 | Z84: 4233 | AA84: 2 | AB84: 44773 | AC84: 33560 | AD84: 42686 | AE84: 43699 | AF84: 3 | AG84: 3_Between 30 and 40 | AH84: 1 | AI84: 28 | AJ84: 1 | AK84: 2_Between 1-3 years | AL84: Contractor | AM84: =ROUNDUP(MONTH(AD84)/3,0) -> 4 | AN84: =MONTH(AD84) -> 11 | AO84: =IF(C84="Yes",ROUNDUP(MONTH(AE84)/3,0),"") -> 3 | AP84: =IF(C84="Yes",MONTH(AE84),"") -> 8 | AQ84: =YEAR(AD84) -> 2016
A85: 991 | B85: 31 | C85: Yes | D85: Non-Travel | E85: Research & Development | F85: College | G85: High | H85: Male | I85: Medium | J85: Research Scientist | K85: Low | L85: Outstanding | M85: Better | N85: Single | P85: Yes | Q85: 22 | R85: 0 | S85: 4 | T85: 1 | U85: 2 | V85: 9 | W85: 46 | X85: 335 | Y85: 10322 | Z85: 2321 | AA85: 0 | AB85: 44773 | AC85: 33808 | AD85: 42748 | AE85: 43725 | AF85: 3 | AG85: 3_Between 30 and 40 | AH85: 1 | AI85: 28 | AJ85: 1 | AK85: 2_Between 1-3 years | AL85: Full-time | AM85: =ROUNDUP(MONTH(AD85)/3,0) -> 1 | AN85: =MONTH(AD85) -> 1 | AO85: =IF(C85="Yes",ROUNDUP(MONTH(AE85)/3,0),"") -> 3 | AP85: =IF(C85="Yes",MONTH(AE85),"") -> 9 | AQ85: =YEAR(AD85) -> 2017
A86: 1537 | B86: 31 | C86: Yes | D86: Travel_Frequently | E86: Research & Development | F86: Bachelor | G86: Very High | H86: Female | I86: High | J86: Research Scientist | K86: High | L86: Excellent | M86: Bad | N86: Single | P86: No | Q86: 12 | R86: 1 | S86: 7 | T86: 7 | U86: 7 | V86: 3 | W86: 33 | X86: 561 | Y86: 4156 | Z86: 4084 | AA86: 2 | AB86: 44773 | AC86: 33601 | AD86: 41228 | AE86: 43747 | AF86: 7 | AG86: 3_Between 30 and 40 | AH86: 2 | AI86: 24 | AJ86: 1 | AK86: 4_Between 5-10 years | AL86: Full-time | AM86: =ROUNDUP(MONTH(AD86)/3,0) -> 4 | AN86: =MONTH(AD86) -> 11 | AO86: =IF(C86="Yes",ROUNDUP(MONTH(AE86)/3,0),"") -> 4 | AP86: =IF(C86="Yes",MONTH(AE86),"") -> 10 | AQ86: =YEAR(AD86) -> 2012
A87: 19 | B87: 28 | C87: Yes | D87: Travel_Rarely | E87: Research & Development | F87: Bachelor | G87: High | H87: Male | I87: Medium | J87: Laboratory Technician | K87: High | L87: Excellent | M87: Better | N87: Single | P87: Yes | Q87: 14 | R87: 5 | S87: 6 | T87: 0 | U87: 3 | V87: 24 | W87: 50 | X87: 103 | Y87: 12947 | Z87: 2028 | AA87: 4 | AB87: 44773 | AC87: 34614 | AD87: 42419 | AE87: 43762 | AF87: 4 | AG87: 2_Between 20 and 30 | AH87: 1 | AI87: 24 | AJ87: 1 | AK87: 3_Between 3-5 years | AL87: Full-time | AM87: =ROUNDUP(MONTH(AD87)/3,0) -> 1 | AN87: =MONTH(AD87) -> 2 | AO87: =IF(C87="Yes",ROUNDUP(MONTH(AE87)/3,0),"") -> 4 | AP87: =IF(C87="Yes",MONTH(AE87),"") -> 10 | AQ87: =YEAR(AD87) -> 2016
A88: 2055 | B88: 50 | C88: Yes | D88: Travel_Rarely | E88: Sales | F88: Bachelor | G88: Very High | H88: Male | I88: Medium | J88: Sales Executive | K88: Low | L88: Low | M88: Better | N88: Divorced | O88: Low | P88: Yes | Q88: 13 | R88: 4 | S88: 20 | T88: 2 | U88: 0 | V88: 28 | W88: 39 | X88: 410 | Y88: 16586 | Z88: 10854 | AA88: 3 | AB88: 44773 | AC88: 26697 | AD88: 42966 | AE88: 43776 | AF88: 2 | AG88: 5_Between 50 and 60 | AH88: 2 | AI88: 48 | AJ88: 2 | AK88: 2_Between 1-3 years | AL88: Contractor | AM88: =ROUNDUP(MONTH(AD88)/3,0) -> 3 | AN88: =MONTH(AD88) -> 8 | AO88: =IF(C88="Yes",ROUNDUP(MONTH(AE88)/3,0),"") -> 4 | AP88: =IF(C88="Yes",MONTH(AE88),"") -> 11 | AQ88: =YEAR(AD88) -> 2017
A89: 1053 | B89: 26 | C89: Yes | D89: Travel_Frequently | E89: Research & Development | F89: Bachelor | G89: Low | H89: Male | I89: High | J89: Research Scientist | K89: Low | L89: Excellent | M89: Better | N89: Married | O89: Low | P89: Yes | Q89: 14 | R89: 6 | S89: 6 | T89: 1 | U89: 2 | V89: 2 | W89: 57 | X89: 342 | Y89: 15346 | Z89: 2042 | AA89: 2 | AB89: 44773 | AC89: 35433 | AD89: 42898 | AE89: 43779 | AF89: 2 | AG89: 2_Between 20 and 30 | AH89: 1 | AI89: 24 | AJ89: 2 | AK89: 2_Between 1-3 years | AL89: Full-time | AM89: =ROUNDUP(MONTH(AD89)/3,0) -> 2 | AN89: =MONTH(AD89) -> 6 | AO89: =IF(C89="Yes",ROUNDUP(MONTH(AE89)/3,0),"") -> 4 | AP89: =IF(C89="Yes",MONTH(AE89),"") -> 11 | AQ89: =YEAR(AD89) -> 2017
A90: 1319 | B90: 52 | C90: Yes | D90: Travel_Rarely | E90: Sales | F90: Bachelor | G90: Medium | H90: Male | I90: High | J90: Sales Executive | K90: Medium | L90: Good | M90: Good | N90: Single | P90: Yes | Q90: 19 | R90: 9 | S90: 10 | T90: 7 | U90: 7 | V90: 5 | W90: 64 | X90: 1030 | Y90: 21534 | Z90: 8446 | AA90: 2 | AB90: 44773 | AC90: 26059 | AD90: 41059 | AE90: 43780 | AF90: 7 | AG90: 5_Between 50 and 60 | AH90: 2 | AI90: 45 | AJ90: 1 | AK90: 4_Between 5-10 years | AL90: Full-time | AM90: =ROUNDUP(MONTH(AD90)/3,0) -> 2 | AN90: =MONTH(AD90) -> 5 | AO90: =IF(C90="Yes",ROUNDUP(MONTH(AE90)/3,0),"") -> 4 | AP90: =IF(C90="Yes",MONTH(AE90),"") -> 11 | AQ90: =YEAR(AD90) -> 2012
A91: 1309 | B91: 32 | C91: Yes | D91: Travel_Rarely | E91: Research & Development | F91: College | G91: Very High | H91: Male | I91: High | J91: Laboratory Technician | K91: High | L91: Excellent | M91: Better | N91: Married | O91: Low | P91: No | Q91: 18 | R91: 1 | S91: 10 | T91: 1 | U91: 1 | V91: 7 | W91: 79 | X91: 1089 | Y91: 22845 | Z91: 4883 | AA91: 3 | AB91: 44773 | AC91: 33163 | AD91: 40492 | AE91: 43784 | AF91: 9 | AG91: 3_Between 30 and 40 | AH91: 1 | AI91: 23 | AJ91: 1 | AK91: 4_Between 5-10 years | AL91: Full-time | AM91: =ROUNDUP(MONTH(AD91)/3,0) -> 4 | AN91: =MONTH(AD91) -> 11 | AO91: =IF(C91="Yes",ROUNDUP(MONTH(AE91)/3,0),"") -> 4 | AP91: =IF(C91="Yes",MONTH(AE91),"") -> 11 | AQ91: =YEAR(AD91) -> 2010
A92: 1 | B92: 41 | C92: Yes | D92: Travel_Rarely | E92: Sales | F92: College | G92: Medium | H92: Female | I92: High | J92: Sales Executive | K92: Very High | L92: Excellent | M92: Bad | N92: Single | P92: Yes | Q92: 11 | R92: 8 | S92: 8 | T92: 0 | U92: 5 | V92: 1 | W92: 94 | X92: 1102 | Y92: 19479 | Z92: 5993 | AA92: 0 | AB92: 44773 | AC92: 29813 | AD92: 41851 | AE92: 43794 | AF92: 5 | AG92: 4_Between 40 and 50 | AH92: 1 | AI92: 36 | AJ92: 1 | AK92: 3_Between 3-5 years | AL92: Full-time | AM92: =ROUNDUP(MONTH(AD92)/3,0) -> 3 | AN92: =MONTH(AD92) -> 7 | AO92: =IF(C92="Yes",ROUNDUP(MONTH(AE92)/3,0),"") -> 4 | AP92: =IF(C92="Yes",MONTH(AE92),"") -> 11 | AQ92: =YEAR(AD92) -> 2014
A93: 840 | B93: 49 | C93: Yes | D93: Travel_Rarely | E93: Sales | F93: Bachelor | G93: High | H93: Female | I93: High | J93: Sales Executive | K93: Very High | L93: Excellent | M93: Best | N93: Married | O93: Mid | P93: No | Q93: 18 | R93: 1 | S93: 9 | T93: 7 | U93: 7 | V93: 11 | W93: 43 | X93: 1184 | Y93: 5860 | Z93: 7654 | AA93: 3 | AB93: 44773 | AC93: 26948 | AD93: 40524 | AE93: 43804 | AF93: 9 | AG93: 4_Between 40 and 50 | AH93: 1 | AI93: 40 | AJ93: 1 | AK93: 4_Between 5-10 years | AL93: Contractor | AM93: =ROUNDUP(MONTH(AD93)/3,0) -> 4 | AN93: =MONTH(AD93) -> 12 | AO93: =IF(C93="Yes",ROUNDUP(MONTH(AE93)/3,0),"") -> 4 | AP93: =IF(C93="Yes",MONTH(AE93),"") -> 12 | AQ93: =YEAR(AD93) -> 2010
A94: 1017 | B94: 30 | C94: Yes | D94: Travel_Frequently | E94: Research & Development | F94: Bachelor | G94: Medium | H94: Female | I94: High | J94: Laboratory Technician | K94: Medium | L94: Excellent | M94: Better | N94: Single | P94: No | Q94: 17 | R94: 0 | S94: 4 | T94: 1 | U94: 2 | V94: 5 | W94: 60 | X94: 109 | Y94: 25725 | Z94: 2422 | AA94: 3 | AB94: 44773 | AC94: 33949 | AD94: 42989 | AE94: 43806 | AF94: 2 | AG94: 3_Between 30 and 40 | AH94: 1 | AI94: 28 | AJ94: 2 | AK94: 2_Between 1-3 years | AL94: Full-time | AM94: =ROUNDUP(MONTH(AD94)/3,0) -> 3 | AN94: =MONTH(AD94) -> 9 | AO94: =IF(C94="Yes",ROUNDUP(MONTH(AE94)/3,0),"") -> 4 | AP94: =IF(C94="Yes",MONTH(AE94),"") -> 12 | AQ94: =YEAR(AD94) -> 2017
A95: 848 | B95: 26 | C95: Yes | D95: Travel_Frequently | E95: Research & Development | F95: College | G95: High | H95: Female | I95: Medium | J95: Research Scientist | K95: High | L95: Good | M95: Better | N95: Married | O95: Low | P95: Yes | Q95: 14 | R95: 1 | S95: 8 | T95: 1 | U95: 7 | V95: 5 | W95: 88 | X95: 887 | Y95: 20898 | Z95: 2366 | AA95: 2 | AB95: 44773 | AC95: 35382 | AD95: 41241 | AE95: 43807 | AF95: 7 | AG95: 2_Between 20 and 30 | AH95: 2 | AI95: 19 | AJ95: 1 | AK95: 4_Between 5-10 years | AL95: Full-time | AM95: =ROUNDUP(MONTH(AD95)/3,0) -> 4 | AN95: =MONTH(AD95) -> 11 | AO95: =IF(C95="Yes",ROUNDUP(MONTH(AE95)/3,0),"") -> 4 | AP95: =IF(C95="Yes",MONTH(AE95),"") -> 12 | AQ95: =YEAR(AD95) -> 2012
A96: 2044 | B96: 50 | C96: Yes | D96: Travel_Frequently | E96: Sales | F96: Master | G96: Medium | H96: Male | I96: High | J96: Sales Executive | K96: High | L96: Excellent | M96: Better | N96: Divorced | O96: Mid | P96: No | Q96: 12 | R96: 7 | S96: 12 | T96: 0 | U96: 1 | V96: 1 | W96: 94 | X96: 878 | Y96: 14255 | Z96: 6728 | AA96: 3 | AB96: 44773 | AC96: 26824 | AD96: 41727 | AE96: 43825 | AF96: 6 | AG96: 5_Between 50 and 60 | AH96: 1 | AI96: 44 | AJ96: 1 | AK96: 4_Between 5-10 years | AL96: Full-time | AM96: =ROUNDUP(MONTH(AD96)/3,0) -> 1 | AN96: =MONTH(AD96) -> 3 | AO96: =IF(C96="Yes",ROUNDUP(MONTH(AE96)/3,0),"") -> 4 | AP96: =IF(C96="Yes",MONTH(AE96),"") -> 12 | AQ96: =YEAR(AD96) -> 2014
A97: 33 | B97: 32 | C97: Yes | D97: Travel_Frequently | E97: Sales | F97: Bachelor | G97: Low | H97: Male | I97: High | J97: Sales Executive | K97: Medium | L97: Excellent | M97: Better | N97: Single | P97: No | Q97: 18 | R97: 1 | S97: 8 | T97: 7 | U97: 7 | V97: 4 | W97: 56 | X97: 143 | Y97: 9558 | Z97: 9355 | AA97: 5 | AB97: 44773 | AC97: 29434 | AD97: 40946 | AE97: 43850 | AF97: 8 | AG97: 3_Between 30 and 40 | AH97: 1 | AI97: 24 | AJ97: 1 | AK97: 4_Between 5-10 years | AL97: Full-time | AM97: =ROUNDUP(MONTH(AD97)/3,0) -> 1 | AN97: =MONTH(AD97) -> 2 | AO97: =IF(C97="Yes",ROUNDUP(MONTH(AE97)/3,0),"") -> 1 | AP97: =IF(C97="Yes",MONTH(AE97),"") -> 1 | AQ97: =YEAR(AD97) -> 2012
A98: 376 | B98: 47 | C98: Yes | D98: Non-Travel | E98: Sales | F98: Bachelor | G98: High | H98: Male | I98: High | J98: Sales Executive | K98: Low | L98: Low | M98: Good | N98: Single | P98: Yes | Q98: 12 | R98: 0 | S98: 22 | T98: 13 | U98: 14 | V98: 12 | W98: 44 | X98: 481 | Y98: 2447 | Z98: 13758 | AA98: 2 | AB98: 44773 | AC98: 27690 | AD98: 36376 | AE98: 43862 | AF98: 21 | AG98: 4_Between 40 and 50 | AH98: 2 | AI98: 26 | AJ98: 1 | AK98: 7_15+ years | AL98: Full-time | AM98: =ROUNDUP(MONTH(AD98)/3,0) -> 3 | AN98: =MONTH(AD98) -> 8 | AO98: =IF(C98="Yes",ROUNDUP(MONTH(AE98)/3,0),"") -> 1 | AP98: =IF(C98="Yes",MONTH(AE98),"") -> 2 | AQ98: =YEAR(AD98) -> 1999
A99: 741 | B99: 28 | C99: Yes | D99: Travel_Rarely | E99: Research & Development | F99: Below College | G99: High | H99: Male | I99: High | J99: Laboratory Technician | K99: High | L99: Good | M99: Better | N99: Single | P99: No | Q99: 12 | R99: 1 | S99: 2 | T99: 0 | U99: 0 | V99: 8 | W99: 80 | X99: 247 | Y99: 13556 | Z99: 1904 | AA99: 0 | AB99: 44773 | AC99: 34679 | AD99: 43418 | AE99: 43867 | AF99: 1 | AG99: 2_Between 20 and 30 | AH99: 1 | AI99: 27 | AJ99: 1 | AK99: 2_Between 1-3 years | AL99: Contractor | AM99: =ROUNDUP(MONTH(AD99)/3,0) -> 4 | AN99: =MONTH(AD99) -> 11 | AO99: =IF(C99="Yes",ROUNDUP(MONTH(AE99)/3,0),"") -> 1 | AP99: =IF(C99="Yes",MONTH(AE99),"") -> 2 | AQ99: =YEAR(AD99) -> 2018
A100: 819 | B100: 33 | C100: Yes | D100: Travel_Rarely | E100: Sales | F100: Bachelor | G100: Low | H100: Male | I100: High | J100: Sales Representative | K100: High | L100: Excellent | M100: Best | N100: Married | O100: Low | P100: No | Q100: 15 | R100: 3 | S100: 5 | T100: 1 | U100: 2 | V100: 1 | W100: 92 | X100: 1496 | Y100: 15747 | Z100: 2909 | AA100: 3 | AB100: 44773 | AC100: 32809 | AD100: 42926 | AE100: 43869 | AF100: 3 | AG100: 3_Between 30 and 40 | AH100: 1 | AI100: 30 | AJ100: 2 | AK100: 2_Between 1-3 years | AL100: Full-time | AM100: =ROUNDUP(MONTH(AD100)/3,0) -> 3 | AN100: =MONTH(AD100) -> 7 | AO100: =IF(C100="Yes",ROUNDUP(MONTH(AE100)/3,0),"") -> 1 | AP100: =IF(C100="Yes",MONTH(AE100),"") -> 2 | AQ100: =YEAR(AD100) -> 2017
...

Sheet Notes
A1: About this workbook
A2: Every number is a live formula on the Data sheet. Use the four orange filters on the Interactive Dashboard (Department, Employment, Gender, Hire year) and the whole report recalculates.
A4: Corrections made to the original dashboard
A5: 1. Termination rate now uses the brief's formula, Termination / Headcount (133 / 828 = 16.1% for R&D). The original card showed 25%.
A6: 2. Terminations by quarter and month now use DateDeparture (when people left). The original charts used DateStart (when they joined).
A7: 3. Education and job-satisfaction commentary now matches the selected department. The original text quoted whole-company figures.
A8: 4. 'Monthly Salary trends' is renamed 'Salary by Hire Month', because the data holds annual salary by hire date, not monthly payroll.
A9: 5. Quarterly new hires now count everyone hired in each quarter, including people who later left.
A11: Data notes
A12: Source: HR employee dataset supplied with the training brief 'HR Analytics Report' (1,470 employees, 3 departments). Data snapshot date: 31-Jul-2022 (DateToday column).
A13: Helper columns AM:AP on the Data sheet derive hire/leave quarter and month from the date columns.
A14: The Age and YearsAtCompany columns do not always match DateBirth/DateStart; figures here use the stored columns as given.
